"seq","datelastmodified","institutioncode","collectioncode","catalognumber","basisofrecord","kingdom","phylum","class","ordem","family","genus","species","subspecies","scientificname","scientificnameauthor","identifiedby","yearidentified","monthidentified","dayidentified","typestatus","collector","collectornumber","fieldnumber","yearcollected","monthcollected","daycollected","julianday","timeofday","continentocean","country","stateprovince","county","locality","longitude","latitude","coordinateprecision","boundingbox","minimumelevation","maximumelevation","minimumdepth","maximumdepth","sex","preparationtype","individualcount","previouscatalognumber","relationshiptype","relatedcatalogitem","notes","barcode","geoflag"
1,2019-07-11 13:03:41,"ESALQ","ESA","142663","S","Plantae",NA,NA,NA,"Myrtaceae","Eugenia","platyphylla",NA,"Eugenia platyphylla","O.Berg","Valdemarin, K.S.",2017,"02",NA,NA,"Valdemarin, K.S.","356",NA,2016,"12","11",NA,NA,NA,"Brasil","Espírito Santo","Linhares",NA,-40.0722007751465,-19.3910999298096,48094,NA,NA,NA,NA,NA,NA,NA,NA,NA,NA,NA,NA,"ESA142663","auto"
2,2019-07-11 13:03:41,"ESALQ","ESA","142665","S","Plantae",NA,NA,NA,"Myrtaceae","Eugenia","platyphylla",NA,"Eugenia platyphylla","O.Berg","Valdemarin, K.S.",2017,"02",NA,NA,"Valdemarin, K.S.","409",NA,2016,"12","12",NA,NA,NA,"Brasil","Espírito Santo","Linhares",NA,-40.0722007751465,-19.3910999298096,48094,NA,NA,NA,NA,NA,NA,NA,NA,NA,NA,NA,NA,"ESA142665","auto"
3,2019-07-11 13:03:41,"ESALQ","ESA","142667","S","Plantae",NA,NA,NA,"Myrtaceae","Eugenia","platyphylla",NA,"Eugenia platyphylla","O.Berg","Valdemarin, K.S.",2017,"02",NA,NA,"Valdemarin, K.S.","446",NA,2016,"12","13",NA,NA,NA,"Brasil","Espírito Santo","Linhares",NA,-40.0722007751465,-19.3910999298096,48094,NA,NA,NA,NA,NA,NA,NA,NA,NA,NA,NA,NA,"ESA142667","auto"
4,2019-07-11 13:03:41,"ESALQ","ESA","142657","S","Plantae",NA,NA,NA,"Myrtaceae","Eugenia","platyphylla",NA,"Eugenia platyphylla","O.Berg","Valdemarin, K.S.",2018,"02",NA,NA,"Valdemarin, K.S.","398",NA,2016,"12","11",NA,NA,NA,"Brasil","Espírito Santo","Linhares",NA,-40.0722007751465,-19.3910999298096,48094,NA,NA,NA,NA,NA,NA,NA,NA,NA,NA,NA,NA,"ESA142657","auto"
5,2019-07-11 13:03:41,"ESALQ","ESA","142673","S","Plantae",NA,NA,NA,"Myrtaceae","Eugenia","platyphylla",NA,"Eugenia platyphylla","O.Berg","Valdemarin, K.S.",2017,"02",NA,NA,"Valdemarin, K.S.","316",NA,2016,"12","10",NA,NA,NA,"Brasil","Espírito Santo","Linhares",NA,-40.0722007751465,-19.3910999298096,48094,NA,NA,NA,NA,NA,NA,NA,NA,NA,NA,NA,NA,"ESA142673","auto"
6,2019-07-11 13:03:41,"ESALQ","ESA","142662","S","Plantae",NA,NA,NA,"Myrtaceae","Eugenia","platyphylla",NA,"Eugenia platyphylla","O.Berg","Valdemarin, K.S.",2017,"02",NA,NA,"Valdemarin, K.S.","740",NA,2017,"01","22",NA,NA,NA,"Brasil","Espírito Santo","Sooretama",NA,-40.0978012084961,-19.1968994140625,33715,NA,NA,NA,NA,NA,NA,NA,NA,NA,NA,NA,NA,"ESA142662","auto"
7,2019-07-11 13:03:41,"ESALQ","ESA","142661","S","Plantae",NA,NA,NA,"Myrtaceae","Eugenia","platyphylla",NA,"Eugenia platyphylla","O.Berg","Valdemarin, K.S.",2017,"07",NA,NA,"Valdemarin, K.S.","748",NA,2017,"01","22",NA,NA,NA,"Brasil","Espírito Santo","Sooretama",NA,-40.0978012084961,-19.1968994140625,33715,NA,NA,NA,NA,NA,NA,NA,NA,NA,NA,NA,NA,"ESA142661","auto"
8,2019-07-11 13:03:41,"ESALQ","ESA","142656","S","Plantae",NA,NA,NA,"Myrtaceae","Eugenia","platyphylla",NA,"Eugenia platyphylla","O.Berg","Valdemarin, K.S.",2018,"02",NA,NA,"Valdemarin, K.S.","361",NA,2016,"12","11",NA,NA,NA,"Brasil","Espírito Santo","Linhares",NA,-40.0722007751465,-19.3910999298096,48094,NA,NA,NA,NA,NA,NA,NA,NA,NA,NA,NA,NA,"ESA142656","auto"
9,2019-07-11 13:03:41,"ESALQ","ESA","142669","S","Plantae",NA,NA,NA,"Myrtaceae","Eugenia","platyphylla",NA,"Eugenia platyphylla","O.Berg","Valdemarin, K.S.",2017,"02",NA,NA,"Valdemarin, K.S.","375",NA,2016,"12","11",NA,NA,NA,"Brasil","Espírito Santo","Linhares",NA,-40.0722007751465,-19.3910999298096,48094,NA,NA,NA,NA,NA,NA,NA,NA,NA,NA,NA,NA,"ESA142669","auto"
10,2019-07-11 13:03:41,"ESALQ","ESA","142670","S","Plantae",NA,NA,NA,"Myrtaceae","Eugenia","platyphylla",NA,"Eugenia platyphylla","O.Berg","Valdemarin, K.S.",2017,"02",NA,NA,"Valdemarin, K.S.","355",NA,2016,"12","11",NA,NA,NA,"Brasil","Espírito Santo","Linhares",NA,-40.0722007751465,-19.3910999298096,48094,NA,NA,NA,NA,NA,NA,NA,NA,NA,NA,NA,NA,"ESA142670","auto"
11,2019-07-11 13:03:41,"ESALQ","ESA","142668","S","Plantae",NA,NA,NA,"Myrtaceae","Eugenia","platyphylla",NA,"Eugenia platyphylla","O.Berg","Valdemarin, K.S.",2017,"02",NA,NA,"Valdemarin, K.S.","374",NA,2016,"12","11",NA,NA,NA,"Brasil","Espírito Santo","Linhares",NA,-40.0722007751465,-19.3910999298096,48094,NA,NA,NA,NA,NA,NA,NA,NA,NA,NA,NA,NA,"ESA142668","auto"
12,2019-07-11 13:03:41,"ESALQ","ESA","142664","S","Plantae",NA,NA,NA,"Myrtaceae","Eugenia","platyphylla",NA,"Eugenia platyphylla","O.Berg","Valdemarin, K.S.",2017,"02",NA,NA,"Valdemarin, K.S.","410",NA,2016,"12","12",NA,NA,NA,"Brasil","Espírito Santo","Linhares",NA,-40.0722007751465,-19.3910999298096,48094,NA,NA,NA,NA,NA,NA,NA,NA,NA,NA,NA,NA,"ESA142664","auto"
13,2019-07-11 13:03:41,"ESALQ","ESA","142671","S","Plantae",NA,NA,NA,"Myrtaceae","Eugenia","platyphylla",NA,"Eugenia platyphylla","O.Berg","Valdemarin, K.S.",2017,"02",NA,NA,"Valdemarin, K.S.","982",NA,2017,"01","31",NA,NA,NA,"Brasil","Espírito Santo","Linhares",NA,-40.0722007751465,-19.3910999298096,48094,NA,NA,NA,NA,NA,NA,NA,NA,NA,NA,NA,NA,"ESA142671","auto"
14,2019-07-11 13:03:41,"ESALQ","ESA","142658","S","Plantae",NA,NA,NA,"Myrtaceae","Eugenia","platyphylla",NA,"Eugenia platyphylla","O.Berg","Valdemarin, K.S.",2018,"02",NA,NA,"Valdemarin, K.S.","340",NA,2016,"12","10",NA,NA,NA,"Brasil","Espírito Santo","Linhares",NA,-40.0722007751465,-19.3910999298096,48094,NA,NA,NA,NA,NA,NA,NA,NA,NA,NA,NA,NA,"ESA142658","auto"
15,2019-07-11 13:03:41,"ESALQ","ESA","142672","S","Plantae",NA,NA,NA,"Myrtaceae","Eugenia","platyphylla",NA,"Eugenia platyphylla","O.Berg","Valdemarin, K.S.",2017,"02",NA,NA,"Valdemarin, K.S.","426",NA,2016,"12","12",NA,NA,NA,"Brasil","Espírito Santo","Linhares",NA,-40.0722007751465,-19.3910999298096,48094,NA,NA,NA,NA,NA,NA,NA,NA,NA,NA,NA,NA,"ESA142672","auto"
16,2019-07-11 13:03:41,"ESALQ","ESA","142660","S","Plantae",NA,NA,NA,"Myrtaceae","Eugenia","platyphylla",NA,"Eugenia platyphylla","O.Berg","Valdemarin, K.S.",2017,"02",NA,NA,"Valdemarin, K.S.","921",NA,2017,"01","29",NA,NA,NA,"Brasil","Espírito Santo","Linhares",NA,-40.0722007751465,-19.3910999298096,48094,NA,NA,NA,NA,NA,NA,NA,NA,NA,NA,NA,NA,"ESA142660","auto"
17,2019-07-11 13:03:41,"ESALQ","ESA","142659","S","Plantae",NA,NA,NA,"Myrtaceae","Eugenia","platyphylla",NA,"Eugenia platyphylla","O.Berg","Valdemarin, K.S.",2017,"02",NA,NA,"Valdemarin, K.S.","1013",NA,2017,"02","02",NA,NA,NA,"Brasil","Espírito Santo","Linhares",NA,-40.0722007751465,-19.3910999298096,48094,NA,NA,NA,NA,NA,NA,NA,NA,NA,NA,NA,NA,"ESA142659","auto"
18,2019-07-11 11:55:13,"ESALQ","ESA","98188","S","Plantae","Magnoliophyta",NA,NA,"Myrtaceae","Eugenia","platyphylla",NA,"Eugenia platyphylla",NA,"Sobral, M.",2005,NA,NA,NA,"Hatschbach, G.","68617",NA,1998,"10","17",NA,NA,NA,"Brasil","Bahia","Uma",NA,NA,NA,NA,NA,NA,NA,NA,NA,NA,NA,NA,NA,NA,NA,NA,"ESA098188",NA
19,2019-07-11 13:03:41,"ESALQ","ESA","142666","S","Plantae",NA,NA,NA,"Myrtaceae","Eugenia","platyphylla",NA,"Eugenia platyphylla","O.Berg","Valdemarin, K.S.",2017,"02",NA,NA,"Valdemarin, K.S.","444",NA,2016,"12","13",NA,NA,NA,"Brasil","Espírito Santo","Linhares",NA,-40.0722007751465,-19.3910999298096,48094,NA,NA,NA,NA,NA,NA,NA,NA,NA,NA,NA,NA,"ESA142666","auto"
20,2019-07-29 19:08:15,"MN","R","64269","S","Plantae",NA,NA,NA,"Fabaceae","Chaetocalyx","acutifolia",NA,"Chaetocalyx acutifolia","Benth.",NA,NA,NA,NA,NA,"Neves Armond, A.F.","21",NA,NA,NA,NA,NA,NA,NA,"Brasil","Rio de Janeiro","Carmo",NA,-42.6086006164551,-21.9335994720459,21959,NA,NA,NA,NA,NA,NA,NA,NA,NA,NA,NA,NA,NA,"auto"
21,2019-08-30 22:32:44,"UFJF","CESJ","28191","S","Plantae","Angiosperma",NA,NA,"Fabaceae","Chaetocalyx","acutifolia",NA,"Chaetocalyx acutifolia","(Vogel) Benth.","H.F. Leitão Filho",1968,"03","27",NA,"H. M. de Souza","CESJ28191",NA,1968,"03","22",NA,NA,"América do Sul","Brasil","São Paulo","Luiz do Paraitinga",NA,NA,NA,NA,NA,NA,NA,NA,NA,NA,NA,NA,NA,NA,NA,"TRepadeira, flores amarelas, floresce em março. Nativa da Serra do Mar.","CESJ028191",NA
22,2019-07-24 18:27:51,"ASU","ASU-PLANTS","34626","PreservedSpecimen","Plantae","Magnoliophyta",NA,"Myrtales","Myrtaceae","Eugenia","platyphylla",NA,"Eugenia platyphylla","O.Berg","M. Sobral, 2005",NA,NA,NA,NA,"G. Hatschbach; J. M. Silva, L. A. Ferreira","68617",NA,1998,"10","17",NA,NA,NA,"Brazil","Bahia","Una","Reserva Biologica de Una",-39.063521,-15.174005,NA,NA,NA,NA,NA,NA,NA,NA,NA,"263170",NA,NA,"Arvore, 8m, flor alva. Restinga arborea.",NA,NA
23,2019-06-27 19:00:06,"UFES","SAMES","7619","S","Plantae",NA,NA,NA,"Myrtaceae","Eugenia","platyphylla",NA,"Eugenia platyphylla","O.Berg",NA,NA,NA,NA,NA,"Saporetti,A.M.J.","65",NA,2017,"04","25",NA,NA,NA,"Brasil","Espírito Santo","Linhares","Propriedade do Sr. Carlos.",-40.0722007751465,-19.3910999298096,48094,NA,NA,NA,NA,NA,NA,NA,NA,NA,NA,NA,NA,"SAMES07619","auto"
24,2019-06-27 19:00:06,"UFES","SAMES","7642","S","Plantae",NA,NA,NA,"Myrtaceae","Eugenia","platyphylla",NA,"Eugenia platyphylla","O.Berg",NA,NA,NA,NA,NA,"Saporetti,A.M.J.","64",NA,2017,"04","25",NA,NA,NA,"Brasil","Espírito Santo","Linhares","Propriedade do Sr. Carlos.",-40.0722007751465,-19.3910999298096,48094,NA,NA,NA,NA,NA,NA,NA,NA,NA,NA,NA,NA,"SAMES07642","auto"
25,2019-03-11 14:44:27,"UFRPE","PEUFR","49051","S","Plantae",NA,NA,NA,"Myrtaceae","Eugenia","platyphylla",NA,"Eugenia platyphylla","O.Berg","Marcos Sobral",2005,"10","11",NA,"GELMacedo","559",NA,2004,"03","04",NA,NA,NA,"Brasil","Bahia","Jequié fazenda brejo novo","A 10,5 km da Av. Otávio Mangabeira pela Exupério Miranda no Bairro do Mandacarú",-40.109417,-13.944722,NA,NA,NA,NA,NA,NA,NA,NA,NA,NA,NA,NA,"Árvore de folhas opostas, membranáceas, frutos brancos com cálice persistente vináceo.","PEUFR049051",NA
26,2014-10-14 18:56:58,"BS","M","M-0171074","S","Plantae","Magnoliophyta","Magnoliopsida","Myrtales","Myrtaceae","Eugenia","platyphylla",NA,"Eugenia platyphylla","O.Berg",NA,NA,NA,NA,"ISOTYPE","Martius, C.F.P. von",NA,NA,NA,NA,NA,NA,NA,NA,"Brasil",NA,NA,NA,NA,NA,NA,NA,NA,NA,NA,NA,NA,NA,NA,NA,NA,NA,NA,"M0171074",NA
27,2014-10-14 18:56:58,"BS","M","M-0171075","S","Plantae","Magnoliophyta","Magnoliopsida","Myrtales","Myrtaceae","Eugenia","platyphylla",NA,"Eugenia platyphylla","O.Berg",NA,NA,NA,NA,"ISOTYPE","Martius, C.F.P. von",NA,NA,NA,NA,NA,NA,NA,NA,"Brasil",NA,NA,NA,NA,NA,NA,NA,NA,NA,NA,NA,NA,NA,NA,NA,NA,NA,NA,"M0171075",NA
28,2019-07-17 17:35:32,"UFRRJ","RBR","39473","S","Plantae",NA,NA,NA,"Myrtaceae","Eugenia","platyphylla",NA,"Eugenia platyphylla","O.Berg","M.C. Souza",2017,"03","30",NA,"T. F. Schulte","349",NA,2016,"03","14",NA,NA,NA,"Brasil","Bahia","Itanagra",NA,-38.041667,-12.263056,NA,NA,NA,NA,NA,NA,NA,NA,NA,NA,NA,NA,NA,"RBR00039473",NA
29,2019-07-17 17:35:32,"UFRRJ","RBR","39467","S","Plantae",NA,NA,NA,"Myrtaceae","Eugenia","platyphylla",NA,"Eugenia platyphylla","O.Berg","M.C. Souza",2017,"03","30",NA,"T. F. Schulte","288",NA,2016,"03","08",NA,NA,NA,"Brasil","Bahia","Mata de São João",NA,-38.299167,-12.530278,NA,NA,NA,NA,NA,NA,NA,NA,NA,NA,NA,NA,NA,"RBR00039467",NA
30,2019-07-17 17:38:05,"UFRRJ","RBR","18576","S","Plantae",NA,NA,NA,"Fabaceae","Chaetocalyx","acutifolia",NA,"Chaetocalyx acutifolia","(Vogel) Benth.",NA,NA,NA,NA,NA,"Sucre, D; et al.","10602",NA,1974,"01","06",NA,NA,NA,"Brasil","Rio de Janeiro","Petrópolis","Vale das Videiras, Araras, entre 950-1200.",-43.1786003112793,-22.5049991607666,36524,NA,NA,NA,NA,NA,NA,NA,NA,NA,NA,NA,NA,"RBR00018576","auto"
31,2019-07-11 14:16:34,"MBM","MBM","115826","S","Plantae",NA,NA,NA,"Myrtaceae","Eugenia","platyphylla",NA,"Eugenia platyphylla","O. Berg","Sobral, M",NA,NA,NA,NA,"Sobral, M","5572",NA,1987,"03",NA,NA,NA,"Southern America","Brazil","Bahia","Ilhéus","Rod. BA-262 - Castelo Novo",-39.0494003295898,-14.7889003753662,61245,NA,NA,NA,NA,NA,NA,NA,NA,NA,NA,NA,NA,"MBM115826","auto"
32,2019-07-11 14:16:34,"MBM","MBM","251940","S","Plantae",NA,NA,NA,"Myrtaceae","Eugenia","platyphylla",NA,"Eugenia platyphylla","O. Berg","Kawasaki, ML",NA,NA,NA,NA,"Lombardi, JA","3640",NA,2000,"03","24",NA,NA,"Southern America","Brazil","Minas Gerais","Caratinga","Estação Biológica de Caratinga",-42.1391983032227,-19.7896995544434,49886,NA,NA,NA,NA,NA,NA,NA,NA,NA,NA,NA,NA,"MBM251940","auto"
33,2019-07-11 14:16:34,"MBM","MBM","229037","S","Plantae",NA,NA,NA,"Myrtaceae","Eugenia","platyphylla",NA,"Eugenia platyphylla","O. Berg","Sobral, M",NA,NA,NA,NA,"Hatschbach, G","68617",NA,1998,"10","17",NA,NA,"Southern America","Brazil","Bahia","Una","Reserva Biológica de Una",-39.0752983093262,-15.2932996749878,36070,NA,NA,NA,NA,NA,NA,NA,NA,NA,NA,NA,NA,"MBM229037","auto"
34,2019-05-24 20:26:02,"UFMG","BHCB","112654","S","Plantae","Dicotyledon",NA,NA,"Myrtaceae","Eugenia","platyphylla",NA,"Eugenia platyphylla","O.Berg",NA,NA,NA,NA,NA,"Amorim, AMA; Sierra, MAJ; Castro, R; Sant'Ana, SC de","4470",NA,2004,"12","10",NA,NA,"Southern America","Brasil","Bahia","Jussarí","RPPN Serra do Teimoso., entrada 7,5 km da Rod. Jussari/palmira. Teimoso, 1,7 km da estrada.",-39.531111,-15.154444,NA,NA,0,0,NA,NA,NA,NA,NA,NA,NA,NA,"Árvore ca. 8m de altura. Botões alvos.","BHCB030984",NA
35,2017-03-31 17:59:39,"UFMG","BHCB","51150","S","Plantae","Dicotyledon",NA,NA,"Myrtaceae","Eugenia","platyphylla",NA,"Eugenia platyphylla","O.Berg",NA,NA,NA,NA,NA,NA,"s.n.",NA,NA,NA,NA,NA,NA,NA,NA,NA,NA,NA,NA,NA,NA,NA,0,0,NA,NA,NA,NA,NA,NA,NA,NA,NA,NA,NA
36,2017-03-31 17:59:39,"UFMG","BHCB","75845","S","Plantae","Dicotyledon",NA,NA,"Myrtaceae","Eugenia","platyphylla",NA,"Eugenia platyphylla","O.Berg",NA,2002,NA,NA,NA,"Thomas, WW; Carvalho, AM; Amorim, A","11035",NA,1995,"11","18",NA,NA,"Southern America","Brasil","Bahia","Una","Rodovia para Canavieras, 5km ao sul de Una na rodovia para Canavieras, 0,8km a sudoeste da rodovia. Mata restinga e pântano adjacente, restinga aberta.",-39.055,-15.332778,NA,NA,0,0,NA,NA,NA,NA,NA,NA,NA,NA,"Árvore de pequeno porte, 4m, na floresta; deixa subcoreáceas, verde brilhante acima, amarelo-esverdeado abaixo; flores velhas (cálice e receptáculo) verde-pálido.","BHCB010505",NA
37,2017-03-31 17:59:39,"UFMG","BHCB","91334","S","Plantae","Dicotyledon",NA,NA,"Myrtaceae","Eugenia","platyphylla",NA,"Eugenia platyphylla","O.Berg",NA,2003,NA,NA,NA,"Carvalho, AM; Silva, MM da; Costa, JL; Queiroz, EP de; Stradmann, MTS; Santos, IS","6686",NA,1998,"12","20",NA,NA,"Southern America","Brasil","Bahia","Jussari","Rodovia Jussari - Palmira, Entrada ca. 7,5km percorrendo mais 1,7km até a sede da Fazenda Teimoso. Serra do Teimoso. RPPN Serra do Teimoso.",-39.583333,-15.166667,NA,NA,30,450,NA,NA,NA,NA,NA,NA,NA,NA,"Arbusto ca. 2,5m de alt. Folhas cartáceas, discolores, face adaxial lustrosa. Frutos de coloração amarelo-avermelhados.","BHCB010504",NA
38,2017-03-31 17:51:05,"UFMG","BHCB","37062","S","Plantae","Dicotyledon",NA,NA,"Fabaceae","Chaetocalyx","acutifolia",NA,"Chaetocalyx acutifolia","(Vogel) Benth.",NA,NA,NA,NA,NA,NA,"s.n.",NA,NA,NA,NA,NA,NA,"Southern America","Brasil","Minas Gerais","Januária","Vale do Rio Peruaçu.",-44.3616981506348,-15.4881000518799,148972,NA,0,0,NA,NA,NA,NA,NA,NA,NA,NA,NA,NA,"auto"
39,2019-07-03 17:58:20,"UNESP-RC","HRCB","19462","S","Plantae",NA,NA,NA,"Fabaceae","Chaetocalyx","acutifolia",NA,"Chaetocalyx acutifolia","(Vogel) Benth.","Queiroz, R.T.",2009,"03","20",NA,"Tamashiro, J.Y.","760",NA,1995,"04","10",NA,NA,NA,"Brasil","São Paulo","Nazaré Paulista","Estrada de terra para Piracaia",-46.3899993896484,-23.1800003051758,18850,NA,NA,NA,NA,NA,NA,NA,NA,NA,NA,NA,"Trepadeira, flores amarelas",NA,"auto"
40,2018-10-26 14:59:21,"Cenargen","CEN","57521","S","Plantae",NA,NA,NA,"Myrtaceae","Eugenia","platyphylla",NA,"Eugenia platyphylla","O.Berg","K. S. Valdemarin",NA,NA,NA,NA,"G. L. Farias - Pau-Brasil","180",NA,1988,"04","26",NA,NA,NA,"Brasil","BA","PORTO SEGURO",NA,-39.0647010803223,-16.4496994018555,68835,NA,NA,NA,NA,NA,NA,"Exsicatas",1,NA,NA,NA,"Municipal. Doação do Banco Genético do Pau-Brasil (BA). N° reg. 375.","CEN00057521","auto"
41,2018-12-03 13:59:32,"F","F_BOTANY_BR","V0065270F","S","Plantae","Spermatophyta","Dicotyledoneae",NA,"Myrtaceae","Eugenia","platyphylla",NA,"Eugenia platyphylla",NA,NA,NA,NA,NA,"Isosyntype","C. F. P. Martius","687",NA,1839,NA,NA,NA,NA,"South America","BRAZIL",NA,NA,NA,-52.8731,-10.8339,NA,NA,NA,NA,NA,NA,NA,NA,NA,NA,NA,NA,NA,NA,NA
42,2018-12-03 13:59:32,"F","F_BOTANY_BR","V0065271F","S","Plantae","Spermatophyta","Dicotyledoneae",NA,"Myrtaceae","Eugenia","platyphylla",NA,"Eugenia platyphylla",NA,NA,NA,NA,NA,"Isosyntype","C. F. P. Martius","687",NA,1839,NA,NA,NA,NA,"South America","BRAZIL",NA,NA,NA,-52.8731,-10.8339,NA,NA,NA,NA,NA,NA,NA,NA,NA,NA,NA,NA,NA,NA,NA
43,2018-12-03 13:59:32,"F","F_BOTANY_BR",NA,"S","Plantae","Spermatophyta","Dicotyledoneae",NA,"Myrtaceae","Eugenia","platyphylla",NA,"Eugenia platyphylla",NA,NA,NA,NA,NA,"Type [status unknown",NA,NA,NA,NA,NA,NA,NA,NA,"South America","BRAZIL",NA,NA,NA,-52.8731,-10.8339,NA,NA,NA,NA,NA,NA,NA,NA,NA,NA,NA,NA,NA,NA,NA
44,2018-12-03 13:55:22,"F","F_BOTANY_BR",NA,"S","Plantae","Spermatophyta","Dicotyledoneae",NA,"Fabaceae","Chaetocalyx","acutifolia",NA,"Chaetocalyx acutifolia",NA,NA,NA,NA,NA,NA,"H. W. Schott",NA,NA,NA,NA,NA,NA,NA,"South America","BRAZIL",NA,NA,NA,-52.8731,-10.8339,NA,NA,NA,NA,NA,NA,NA,NA,NA,NA,NA,NA,NA,NA,NA
45,2019-01-25 17:40:31,"IAC","IAC","19826","S","Plantae",NA,NA,NA,"Fabaceae","Chaetocalyx","acutifolia",NA,"Chaetocalyx acutifolia","(Vogel) Benth.","H.F. Leitão Filho",1968,"03","27",NA,"H.M. Souza","s/nº",NA,1968,"03","22",NA,NA,NA,"Brasil","São Paulo","São Luís do Paraitinga",NA,-45.31,-23.2217,NA,NA,NA,NA,NA,NA,NA,NA,NA,NA,NA,NA,NA,NA,NA
46,2018-12-13 15:26:00,"CEPLAC","CEPEC","88092","S","Plantae",NA,NA,NA,"Myrtaceae","Eugenia","platyphylla",NA,"Eugenia platyphylla",NA,"A. M. Amorim",NA,NA,NA,NA,"J. G. Jardim","1564",NA,1998,"02","18",NA,NA,NA,"Brasil","Bahia","JUSSARÍ","Rod. Jussari/Palmira. Entrada ca. 7,5Km percorrendo mais 1,7Km até sede Faz. Teimoso.RPPN Serra do Teimoso. Árvore 102.",-39.583333,-15.166667,NA,NA,NA,NA,NA,NA,NA,NA,NA,NA,NA,"30/12/2003","<ll>dwc_commonname:</ll> Murta",NA,NA
47,2018-12-13 15:26:00,"CEPLAC","CEPEC","82055","S","Plantae",NA,NA,NA,"Myrtaceae","Eugenia","platyphylla",NA,"Eugenia platyphylla",NA,"A. M. Amorim",NA,NA,NA,NA,"J. G. Jardim","1919",NA,1999,"01","16",NA,NA,NA,"Brasil","Bahia","JUSSARÍ","Rod. Jussari/Palmira, ntrada ca. 7,5Km Faz. Teimoso, 1,5Km a E da entrada. RPPN Serra do Teimoso. Árvore 586.",-39.583333,-15.166667,NA,NA,NA,NA,NA,NA,NA,NA,NA,NA,NA,"30/12/2003","<ll>dwc_commonname:</ll> Araçá",NA,NA
48,2019-02-15 12:05:13,"CEPLAC","CEPEC","101109","S","Plantae",NA,NA,NA,"Myrtaceae","Eugenia","platyphylla",NA,"Eugenia platyphylla",NA,"M. Sobral",NA,NA,NA,NA,"P. Fiaschi","1975",NA,2004,"02","14",NA,NA,NA,"Brasil","Bahia","JUSSARÍ","Estrada Jussarí/Palmira, entrada a esq. Ca. 7,5Km após Jussarí. Fazenda Teimoso. RPPN Serra do Teimoso.",-39.536111,-15.160278,NA,NA,NA,NA,NA,NA,NA,NA,NA,NA,NA,"12/06/2006",NA,NA,NA
49,2018-12-13 15:26:00,"CEPLAC","CEPEC","106868","S","Plantae",NA,NA,NA,"Myrtaceae","Eugenia","platyphylla",NA,"Eugenia platyphylla",NA,"M. Sobral",NA,NA,NA,NA,"A. M. Amorim","4470",NA,2004,"12","10",NA,NA,NA,"Brasil","Bahia","JUSSARÍ","RPPN Serra do Teimoso, entrada 7,5Km da Rod. Jussarí/Palmira. Faz. Teimoso, 1.7Km da entrada.",-39.531111,-15.154444,NA,NA,NA,NA,NA,NA,NA,NA,NA,NA,NA,"30/12/2010",NA,NA,NA
50,2019-04-02 19:22:34,"CEPLAC","CEPEC","111959","S","Plantae",NA,NA,NA,"Myrtaceae","Eugenia","platyphylla",NA,"Eugenia platyphylla",NA,"K. S. Valdemarin",NA,NA,NA,NA,"Lopes, M. M. M.","715",NA,2006,"05","23",NA,NA,NA,"Brasil","Bahia","ALMADINA","Serra do Corcovado. 9,8Km ao SW de Coarací na estrada para Almadina, daí N até a Fazenda São José. Proprietário Senhor Francisco.",-39.603333,-14.705833,NA,NA,650,650,NA,NA,NA,NA,NA,NA,NA,NA,NA,NA,NA
51,2018-12-13 15:26:00,"CEPLAC","CEPEC","125942","S","Plantae",NA,NA,NA,"Myrtaceae","Eugenia","platyphylla",NA,"Eugenia platyphylla",NA,"M. Sobral",NA,NA,NA,NA,"A. P. Fontana","5159",NA,2007,"05","05",NA,NA,NA,"Brasil","Espírito Santo","cariacica","Reserva Biológica Duas Bocas. Localidade de Alegre, trilha do Pau Oco.",-40.516667,-20.266667,NA,NA,NA,NA,NA,NA,NA,NA,NA,NA,NA,"30/12/2010",NA,NA,NA
52,2018-12-13 15:26:00,"CEPLAC","CEPEC","153397","S","Plantae",NA,NA,NA,"Myrtaceae","Eugenia","platyphylla",NA,"Eugenia platyphylla",NA,"M.C. Souza",NA,NA,NA,NA,"Schulte, T.F.","288",NA,2016,"03","08",NA,NA,NA,"Brasil","Bahia","MATA DE SÃO JOÃO","Conglomerado BA_770-4-10-12RN",-38.299167,-12.530278,NA,NA,NA,NA,NA,NA,NA,NA,NA,NA,NA,"30/3/2017","<ll>dwc_commonname:</ll>",NA,NA
53,2018-12-13 15:26:00,"CEPLAC","CEPEC","153458","S","Plantae",NA,NA,NA,"Myrtaceae","Eugenia","platyphylla",NA,"Eugenia platyphylla",NA,"M.C. Souza",NA,NA,NA,NA,"Schulte, T.F.","349",NA,2016,"03","14",NA,NA,NA,"Brasil","Bahia","ITANAGRA","Conglomerado BA_724-1-10-4RN",-38.041667,-12.263056,NA,NA,NA,NA,NA,NA,NA,NA,NA,NA,NA,"30/3/2017","<ll>dwc_commonname:</ll>",NA,NA
54,2018-12-13 15:26:00,"CEPLAC","CEPEC","81880","S","Plantae",NA,NA,NA,"Myrtaceae","Eugenia","platyphylla",NA,"Eugenia platyphylla",NA,"P. Fiaschi",NA,NA,NA,NA,"O. P. Harvei","32",NA,1994,"02","06",NA,NA,NA,"Brasil","Bahia","JUSSARÍ","Km 8 na estrada Jussari/Palmira. Faz. Teimoso. RPPN Serra do Teimoso.",-39.583333,-15.166667,NA,NA,NA,NA,NA,NA,NA,NA,NA,NA,NA,"30/12/2003",NA,NA,NA
55,2019-02-15 12:05:13,"CEPLAC","CEPEC","81223","S","Plantae",NA,NA,NA,"Myrtaceae","Eugenia","platyphylla",NA,"Eugenia platyphylla",NA,"M. Sobral",NA,NA,NA,NA,"A. M. de Carvalho","6686",NA,1998,"12","20",NA,NA,NA,"Brasil","Bahia","JUSSARÍ","Rod. Jussari/Palmira, entrada ca. 7,5Km percorrendo mais 1,7Km até a sede da Faz. Teimoso. RPPN Serra do Teimoso.",-39.583333,-15.166667,NA,NA,NA,NA,NA,NA,NA,NA,NA,NA,NA,"30/12/2003",NA,NA,NA
56,2019-04-02 19:22:34,"CEPLAC","CEPEC","59167","S","Plantae",NA,NA,NA,"Myrtaceae","Eugenia","platyphylla",NA,"Eugenia platyphylla",NA,"K. S. Valdemarin",NA,NA,NA,NA,"W. W. Thomas","9801",NA,1986,"11","06",NA,NA,NA,"Brasil","Bahia","URUÇUCA","7.3Km ao N de Serra Grande na Rod. p/ Itacaré. Fazenda Lagoa do Conj. Sta. Cruz.",-39.016667,-14.416667,NA,NA,NA,NA,NA,NA,NA,NA,NA,NA,NA,"30/09/2006",NA,NA,NA
57,2019-04-02 19:22:34,"CEPLAC","CEPEC","59725","S","Plantae",NA,NA,NA,"Myrtaceae","Eugenia","platyphylla",NA,"Eugenia platyphylla",NA,"K. S. Valdemarin",NA,NA,NA,NA,"A. M. Amorim","1440",NA,1993,"11","10",NA,NA,NA,"Brasil","Bahia","UNA","Reserva Biológica do Mico-leão (REBIO). (IBAMA). Entrada no Km 46 Rod. BA--001 Ilhéus/Uma.",-39.083333,-15.15,NA,NA,NA,NA,NA,NA,NA,NA,NA,NA,NA,"30/09/2006",NA,NA,NA
58,2019-04-02 19:22:34,"CEPLAC","CEPEC","68074","S","Plantae",NA,NA,NA,"Myrtaceae","Eugenia","platyphylla",NA,"Eugenia platyphylla",NA,"K. S. Valdemarin",NA,NA,NA,NA,"W. W. Thomas","11035",NA,1995,"11","18",NA,NA,NA,"Brasil","Bahia","UNA","5Km ao S de Una Rod. p/ Cananvierias, depois 0.8Km ao SW da estrada.",-39.055,-15.332778,NA,NA,NA,NA,NA,NA,NA,NA,NA,NA,NA,"30/09/2006",NA,NA,NA
59,2018-12-13 15:26:00,"CEPLAC","CEPEC","81117","S","Plantae",NA,NA,NA,"Myrtaceae","Eugenia","platyphylla",NA,"Eugenia platyphylla",NA,"A. M. Amorim",NA,NA,NA,NA,"A. M. Amorim","2202",NA,1998,"02","21",NA,NA,NA,"Brasil","Bahia","JUSSARÍ","Rod. Jussari/Palmira. Entrada ca. 7,5Km de Jussari. Faz. Teimoso. RPPN Serra do Teimoso. Árvore 350.",-39.528611,-15.158056,NA,NA,NA,NA,NA,NA,NA,NA,NA,NA,NA,"30/12/2003","<ll>dwc_commonname:</ll> Murta",NA,NA
60,2018-12-13 15:26:00,"CEPLAC","CEPEC","81584","S","Plantae",NA,NA,NA,"Myrtaceae","Eugenia","platyphylla",NA,"Eugenia platyphylla",NA,"P. Fiaschi",NA,NA,NA,NA,"A. M. Amorim","2590",NA,2005,"11","09",NA,NA,NA,"Brasil","Bahia","JUSSARÍ","Rod. Jussari/Palmira. Entrada ca. 7,5Km de Jussari Faz. Teimoso. RPPN Serra do Teimoso.",-39.528611,-15.158056,NA,NA,NA,NA,NA,NA,NA,NA,NA,NA,NA,"30/12/2003",NA,NA,NA
61,2018-12-13 15:26:00,"CEPLAC","CEPEC","81742","S","Plantae",NA,NA,NA,"Myrtaceae","Eugenia","platyphylla",NA,"Eugenia platyphylla",NA,"P. Fiaschi",NA,NA,NA,NA,"A. M. Amorim","2689",NA,1998,"11","21",NA,NA,NA,"Brasil","Bahia","JUSSARÍ","Rod. Jussari/Palmira. Entrada ca. 7,5Km de Jussari. Faz. Teimoso RPPN Serra do Teimoso.",-39.528611,-15.158056,NA,NA,NA,NA,NA,NA,NA,NA,NA,NA,NA,"30/12/2003",NA,NA,NA
62,2018-12-13 15:26:00,"CEPLAC","CEPEC","84705","S","Plantae",NA,NA,NA,"Myrtaceae","Eugenia","platyphylla",NA,"Eugenia platyphylla",NA,"A. M. Amorim",NA,NA,NA,NA,"J. G. Jardim","2366",NA,2000,"01","14",NA,NA,NA,"Brasil","Bahia","JUSSARÍ","Entrada a 7,5Km Rod. Jussari/Palmira.Faz. Teimoso, 1,7Km da entrada. RPPN Serra do Teimoso. Parcela 26. Árvore 743.",-39.536111,-15.160278,NA,NA,NA,NA,NA,NA,NA,NA,NA,NA,NA,"30/12/2003","<ll>dwc_commonname:</ll> Murta",NA,NA
63,2018-12-13 15:26:00,"CEPLAC","CEPEC","84713","S","Plantae",NA,NA,NA,"Myrtaceae","Eugenia","platyphylla",NA,"Eugenia platyphylla",NA,"A. M. Amorim",NA,NA,NA,NA,"J. G. Jardim","2368",NA,2000,"01","14",NA,NA,NA,"Brasil","Bahia","JUSSARÍ","Entrada a 7,5Km Rod. Jussari/Palmira. Faz. Teimoso, 1,7Km da entrada. RPPN Serra do Teimoso.Parcela 26. Árvore 745.",-39.536111,-15.160278,NA,NA,NA,NA,NA,NA,NA,NA,NA,NA,NA,"30/12/2000","<ll>dwc_commonname:</ll> Murta",NA,NA
64,2018-12-13 15:26:00,"CEPLAC","CEPEC","90646","S","Plantae",NA,NA,NA,"Myrtaceae","Eugenia","platyphylla",NA,"Eugenia platyphylla",NA,"A. M. Amorim",NA,NA,NA,NA,"J. G. Jardim","3755",NA,2001,"09","12",NA,NA,NA,"Brasil","Bahia","JUSSARÍ","Entrada 7,5Km Rod. Jusari/Palmira. Faz. Teimoso 1,7Km da entrada. RPPN Serra do Teimoso. Parcela 37. Árvore 1053.",-39.531111,-15.154444,NA,NA,NA,NA,NA,NA,NA,NA,NA,NA,NA,"30/12/2003",NA,NA,NA
65,2018-12-13 15:26:00,"CEPLAC","CEPEC","90875","S","Plantae",NA,NA,NA,"Myrtaceae","Eugenia","platyphylla",NA,"Eugenia platyphylla",NA,"A. M. Amorim",NA,NA,NA,NA,"J. G. Jardim","3744",NA,2001,"08","12",NA,NA,NA,"Brasil","Bahia","JUSSARÍ","Entrada 7,5Km Rod. Jussari/Palmira. Faz.Teimoso 1,7Km da entrada. RPPN Serra do Teimoso. Parcela 36. Árvore 1034.",-39.531111,-15.154444,NA,NA,NA,NA,NA,NA,NA,NA,NA,NA,NA,"30/12/2003",NA,NA,NA
66,2018-12-13 15:26:00,"CEPLAC","CEPEC","91078","S","Plantae",NA,NA,NA,"Myrtaceae","Eugenia","platyphylla",NA,"Eugenia platyphylla",NA,"M. Sobral",NA,NA,NA,NA,"W. W. Thomas","12690",NA,2002,"10","30",NA,NA,NA,"Brasil","Bahia","AURELINO LEAL","11.2Km ao W da BVR-101 Rod. pra Aurelino Leal, aredores de Lage do Banco.",-39.366667,-14.333333,NA,NA,NA,NA,NA,NA,NA,NA,NA,NA,NA,"30/12/2003",NA,NA,NA
67,2018-12-13 15:26:00,"CEPLAC","CEPEC","99932","S","Plantae",NA,NA,NA,"Myrtaceae","Eugenia","platyphylla",NA,"Eugenia platyphylla",NA,"M. Sobral",NA,NA,NA,NA,"W. W. Thomas","13505",NA,2003,"07","24",NA,NA,NA,"Brasil","Bahia","ITORORÓ","Fazenda Santa Ana, 14,4Km ao SW de Itajú do Colonia na Rod. P/ Rio do Meio, depois 2,7Km na beira da mata.",-39.8325,-15.150278,NA,NA,NA,NA,NA,NA,NA,NA,NA,NA,NA,"30/12/2006",NA,NA,NA
68,2018-12-13 15:26:00,"CEPLAC","CEPEC","82048","S","Plantae",NA,NA,NA,"Myrtaceae","Eugenia","platyphylla",NA,"Eugenia platyphylla",NA,"A. M. Amorim",NA,NA,NA,NA,"J. G. Jardim","1923",NA,1999,"01","16",NA,NA,NA,"Brasil","Bahia","JUSSARÍ","Rod. Jussari/Palmira, entrada ca. 7,5Km Faz. Teimoso, 1,5Km a E da entrada. RPPN Serra do Teimoso. Árvore 592.",-39.583333,-15.166667,NA,NA,NA,NA,NA,NA,NA,NA,NA,NA,NA,"30/12/2003","<ll>dwc_commonname:</ll> Murta",NA,NA
69,2019-02-15 12:05:13,"CEPLAC","CEPEC","82145","S","Plantae",NA,NA,NA,"Myrtaceae","Eugenia","platyphylla",NA,"Eugenia platyphylla",NA,"M. Sobral",NA,NA,NA,NA,"J. G. Jardim","1862",NA,1999,"01","01",NA,NA,NA,"Brasil","Bahia","JUSSARÍ","Rod. Jussari/Palmira, entrada ca. 7,5Km Faz. Teimoso a 1,5Km a E da entrada. RPPN Serra do Teimoso.",-39.583333,-15.166667,NA,NA,NA,NA,NA,NA,NA,NA,NA,NA,NA,"30/12/2003",NA,NA,NA
70,2018-12-13 15:26:00,"CEPLAC","CEPEC","87834","S","Plantae",NA,NA,NA,"Myrtaceae","Eugenia","platyphylla",NA,"Eugenia platyphylla",NA,"M. Sobral",NA,NA,NA,NA,"J. G. Jardim","1523",NA,1982,"02","05",NA,NA,NA,"Brasil","Bahia","JUSSARÍ","Rod. Jussari/Palmira. Entrada ca. 7,5Km percorrendo mais 1,7Km até sede Faz. Teimoso.",-39.583333,-15.166667,NA,NA,NA,NA,NA,NA,NA,NA,NA,NA,NA,"30/09/2003",NA,NA,NA
71,2019-02-15 12:05:13,"CEPLAC","CEPEC","4820","S","Plantae",NA,NA,NA,"Myrtaceae","Eugenia","platyphylla",NA,"Eugenia platyphylla",NA,"M. Sobral",NA,NA,NA,NA,"J. A. de Jesus","186",NA,1968,"10","31",NA,NA,NA,"Brasil","Bahia","ILHÉUS","Área do CEPEC.",-39.0494003295898,-14.7889003753662,61245,NA,NA,NA,NA,NA,NA,NA,NA,NA,NA,"24/07/1984",NA,NA,"auto"
72,2019-04-02 19:22:34,"CEPLAC","CEPEC","33913","S","Plantae",NA,NA,NA,"Myrtaceae","Eugenia","platyphylla",NA,"Eugenia platyphylla",NA,"K. S. Valdemarin",NA,NA,NA,NA,"M. P. M. de Lima","19",NA,1992,"02","18",NA,NA,NA,"Brasil","Bahia","ILHÉUS","Entre os Kms. 5-8 da estrada Olivença/Maruim.",-39.0494003295898,-14.7889003753662,61245,NA,NA,NA,NA,NA,NA,NA,NA,NA,NA,"30/09/2006",NA,NA,"auto"
73,2018-12-13 15:26:00,"CEPLAC","CEPEC","30699","S","Plantae",NA,NA,NA,"Myrtaceae","Eugenia","platyphylla",NA,"Eugenia platyphylla",NA,"M. Sobral",NA,NA,NA,NA,"T. S. dos Santos","3838",NA,1982,"12","29",NA,NA,NA,"Brasil","Bahia","ILHÉUS","Quadra D do CEPEC.",-39.0494003295898,-14.7889003753662,61245,NA,NA,NA,NA,NA,NA,NA,NA,NA,NA,"24/07/1984","<ll>dwc_commonname:</ll> Murta",NA,"auto"
74,2019-02-15 12:05:13,"CEPLAC","CEPEC","26216","S","Plantae",NA,NA,NA,"Myrtaceae","Eugenia","platyphylla",NA,"Eugenia platyphylla",NA,"M. Sobral",NA,NA,NA,NA,"J. L. Hage","1555",NA,1981,"12","08",NA,NA,NA,"Brasil","Bahia","ILHÉUS","Quadra D do CEPEC.",-39.0494003295898,-14.7889003753662,61245,NA,NA,NA,NA,NA,NA,NA,NA,NA,NA,"30/12/2005",NA,NA,"auto"
75,2019-02-15 12:05:13,"CEPLAC","CEPEC","42420","S","Plantae",NA,NA,NA,"Myrtaceae","Eugenia","platyphylla",NA,"Eugenia platyphylla",NA,"M. Sobral",NA,NA,NA,NA,"M. Sobral","5572",NA,1987,"03","01",NA,NA,NA,"Brasil","Bahia","ILHÉUS","Ramal da BA-262 a Castelo Novo.",-39.0494003295898,-14.7889003753662,61245,NA,NA,NA,NA,NA,NA,NA,NA,NA,NA,"30/12/2003",NA,NA,"auto"
76,2019-02-15 12:05:13,"CEPLAC","CEPEC","8060","S","Plantae",NA,NA,NA,"Myrtaceae","Eugenia","platyphylla",NA,"Eugenia platyphylla",NA,"M. Sobral",NA,NA,NA,NA,"T. S. dos Santos","2136",NA,1971,"11","13",NA,NA,NA,"Brasil","Bahia","IPIAÚ","Rod. Ipiaú/Ibirataia.",-39.7338981628418,-14.1372003555298,24789,NA,NA,NA,NA,NA,NA,NA,NA,NA,NA,"24/07/1984",NA,NA,"auto"
77,2019-04-02 19:22:34,"CEPLAC","CEPEC","7852","S","Plantae",NA,NA,NA,"Myrtaceae","Eugenia","platyphylla",NA,"Eugenia platyphylla",NA,"K. S. Valdemarin",NA,NA,NA,NA,"R. S. Pinheiro","1686",NA,1971,"10","29",NA,NA,NA,"Brasil","Bahia","UNA","Rod. Una/Arataca Dendhewea S/A Fazenda Iguaçu.",-39.0752983093262,-15.2932996749878,36070,NA,NA,NA,NA,NA,NA,NA,NA,NA,NA,"30/09/2006",NA,NA,"auto"
78,2019-02-27 17:02:53,"UFSJ","HUFSJ","8898","S","Plantae",NA,NA,NA,"Myrtaceae","Eugenia","platyphylla",NA,"Eugenia platyphylla","O.Berg","Moreau, JS",2014,NA,NA,NA,"Moreau, JS","79",NA,2013,"02","21",NA,NA,NA,"Brasil","Espirito Santo","Aracruz","Área da Fibria Celulose S.A. Transecto 5, parcela 30, individuo 55.",-40.123889,-19.802222,NA,NA,NA,NA,NA,NA,NA,NA,NA,NA,NA,NA,"Folhas opostas, simples. Fruto parecido com uma goiaba (micro). Pêndulo grande e \"ele\" na ponta.","HUFSJ008898",NA
79,2019-02-27 17:02:53,"UFSJ","HUFSJ","3292","S","Plantae",NA,NA,NA,"Myrtaceae","Eugenia","platyphylla",NA,"Eugenia platyphylla","O.Berg","Sobral, M",2012,NA,NA,NA,"Saueressig, D; Henke, A","1458",NA,2011,"08","28",NA,NA,NA,"Brasil","Paraná","Bocaiuva do Sul",NA,-49.1150016784668,-25.2061004638672,61623,NA,NA,NA,NA,NA,NA,NA,NA,NA,NA,NA,"Coletada em subosque de Floresta Ombrófila Mista.","HUFSJ003292","auto"
80,2019-02-27 17:02:53,"UFSJ","HUFSJ","2448","S","Plantae",NA,NA,NA,"Myrtaceae","Eugenia","platyphylla",NA,"Eugenia platyphylla","O.Berg","Sobral, M",2006,"08","25",NA,"Silva, IA","364",NA,1982,"11","29",NA,NA,NA,"Brasil","Espírito Santo","Linhares","Reserva Natural Vale.",-40.634444,-79.3005,NA,NA,NA,NA,NA,NA,NA,NA,NA,NA,NA,NA,"Porte arbóreo, botão branco, flor branca, descamação em placas, fuste cilindrica, casca escamosa.","HUFSJ002448",NA
81,2019-02-27 17:02:53,"UFSJ","HUFSJ","2449","S","Plantae",NA,NA,NA,"Myrtaceae","Eugenia","platyphylla",NA,"Eugenia platyphylla","O.Berg","Sobral, M",2006,"08","25",NA,"Folli, DA","479",NA,1983,"11","25",NA,NA,NA,"Brasil","Espírito Santo","Linhares","Reserva Natural Vale.",-40.626667,-79.441667,NA,NA,NA,NA,NA,NA,NA,NA,NA,NA,NA,NA,"Porte arbóreo, fruto maduro amarelo roxo, descamação em placas, fuste cilindrica, casca escamosa.","HUFSJ002449",NA
82,2019-02-27 17:02:53,"UFSJ","HUFSJ","2441","S","Plantae",NA,NA,NA,"Myrtaceae","Eugenia","platyphylla",NA,"Eugenia platyphylla","O.Berg","Sobral, M",2006,"08","25",NA,"Folli, DA","412",NA,1982,"11","22",NA,NA,NA,"Brasil","Espírito Santo","Linhares","Reserva Natural Vale.",-40.0722007751465,-19.3910999298096,48094,NA,NA,NA,NA,NA,NA,NA,NA,NA,NA,NA,"Porte arbóreo, botão verde claro, flor branca, descamação em placas, fuste cilindrica, casca escamosa.","HUFSJ002441","auto"
83,2016-09-19 19:11:42,"UnB","UB","130976","S","Plantae","Dicotyledoneae",NA,NA,"Myrtaceae","Eugenia","platyphylla",NA,"Eugenia platyphylla","(O. Berg) Kiaersk.","Faria, JEQ",2013,"03",NA,NA,"Thomas, WW","11035",NA,1995,"11","18",NA,NA,"Southern America","Brasil","Bahia","Una","5km south of Una on road to Canavieiras then 0,8km southwest of highway",-39.055,-15.332778,NA,NA,NA,NA,NA,NA,NA,NA,NA,NA,NA,NA,"Old flowers pale green.; Small tree 4m.; Restinga forest",NA,NA
84,2016-09-19 19:11:42,"UnB","UB","131064","S","Plantae","Dicotyledoneae",NA,NA,"Myrtaceae","Eugenia","platyphylla",NA,"Eugenia platyphylla","(O. Berg) Kiaersk.","Faria, JEQ",2013,"03",NA,NA,"Thomas, WW","9801",NA,1993,"05","05",NA,NA,"Southern America","Brasil","Bahia","Uruçuca","7,3km north of Serra Grande on road to Itacaré",-39.016667,-14.416667,NA,NA,NA,NA,NA,NA,NA,NA,NA,NA,NA,NA,"Flowers white.; Tree 8m.",NA,NA
85,2016-09-19 19:11:42,"UnB","UB","142793","S","Plantae","Dicotyledoneae",NA,NA,"Myrtaceae","Eugenia","platyphylla",NA,"Eugenia platyphylla","(O. Berg) Kiaersk.","Faria, JEQ",2014,"02",NA,NA,"Thomas, WW; Carvalho, AM; Sant'Ana, SC","12718",NA,2001,"11","02",NA,NA,"Southern America","Brasil","Bahia","Una","Fazenda Bolandeira, ca. 5km N of Comandatuba on fazenda road paralleling canal between mainland and Ilha de Comandatuba",-39.006389,-15.310833,NA,NA,NA,NA,NA,NA,NA,NA,NA,NA,NA,NA,"Leaves lustrous yellow-green above, paler beneath; floers old, calyx pale olive; young fruit olive tinged reddish.; Tree 7m.; Restinga forest",NA,NA
86,2016-09-19 19:11:42,"UnB","UB","142803","S","Plantae","Dicotyledoneae",NA,NA,"Myrtaceae","Eugenia","platyphylla",NA,"Eugenia platyphylla","(O. Berg) Kiaersk.","Faria, JEQ",2013,"03",NA,NA,"Lopes, MMM; Gomes, LCJ; Santos, BR","715",NA,2006,"05","23",NA,NA,"Southern America","Brasil","Bahia","Almadina","Serra do Corcovado. 9,8km ao SW de Coroací na estrada para Almadina, daí N até a Fazenda São José. Proprietário Senhor Francisco",-39.603333,-14.705833,NA,NA,650,860,NA,NA,NA,NA,NA,NA,NA,NA,"Folhas cartáceas, fortemente discolores.; Árvore 10m. Frutos verde-claros, tornando-se avermelhados na base e no ápice.; Floresta ombrófila densa montana",NA,NA
87,2016-09-19 19:11:42,"UnB","UB","167986","S","Plantae","Dicotyledoneae",NA,NA,"Myrtaceae","Eugenia","platyphylla",NA,"Eugenia platyphylla","(O. Berg) Kiaersk.","Faria, JEQ",2014,"02",NA,NA,"Fiaschi, P; Amorim, A; Paixão, JL; Sant'Ana, SC","1975",NA,2004,"02","14",NA,NA,"Southern America","Brasil","Bahia","Jussari","Entrada à esq. ca de 7,5 km após Jussari RPPN serra do Teimoso",-39.536111,-16.510278,NA,NA,NA,NA,NA,NA,NA,NA,NA,NA,NA,NA,"Arvoreta ca. 8m alt. Folhas fortemente discolores. Frutos amarelados, passando a vináceos.",NA,NA
88,2016-09-19 19:11:42,"UnB","UB","130550","S","Plantae","Dicotyledoneae",NA,NA,"Myrtaceae","Eugenia","platyphylla",NA,"Eugenia platyphylla","(O. Berg) Kiaersk.","Sobral, M",2005,NA,NA,NA,"Hatschbach, G","68617",NA,1998,"10","17",NA,NA,"Southern America","Brasil","Bahia","Una","Reserva BIológica de Una",-39.0752983093262,-15.2932996749878,36070,NA,NA,NA,NA,NA,NA,NA,NA,NA,NA,NA,"Flor alva.; Árvore 8m.; Restinga arbórea",NA,"auto"
89,2016-09-19 19:11:42,"UnB","UB","131057","S","Plantae","Dicotyledoneae",NA,NA,"Myrtaceae","Eugenia","platyphylla",NA,"Eugenia platyphylla","(O. Berg) Kiaersk.","Faria, JEQ",2013,"03",NA,NA,"Thomas, WW","11035",NA,1995,"11","18",NA,NA,"Southern America","Brasil","Bahia","Una","5km south of Una on road to Canavieiras",-39.055,-15.332778,NA,NA,NA,NA,NA,NA,NA,NA,NA,NA,NA,NA,"Old flowers pale green.; Small tree 4m.; Restinga forest",NA,NA
90,2019-07-24 18:58:07,"IF","SPSF","36812","PreservedSpecimen","Plantae","Magnoliophyta","Magnoliopsida","Myrtales","Myrtaceae","Eugenia","platyphylla",NA,"Eugenia platyphylla",NA,NA,NA,NA,NA,NA,"G. Hatschbach & J.M.Silva & L.A.Ferreira","68617",NA,1998,"10","17",NA,NA,"América do Sul","Brasil","BA","Una","Reserva Biológica",-39.0752983093262,-15.2932996749878,36070,NA,NA,NA,NA,NA,NA,NA,NA,NA,NA,NA,"COLETA: XLS: SPSFNovo; GEOGRAFIA: restinga arbórea&nf;;",NA,"auto"
91,2017-09-11 20:11:14,"UnB","HBVIRTFLBRAS",NA,"O","Plantae",NA,NA,NA,"Myrtaceae","Eugenia","platyphylla",NA,"Eugenia platyphylla","O.Berg",NA,NA,NA,NA,NA,"Luschnath, B","s.n.",NA,NA,NA,NA,NA,NA,"Southern America","Brazil","Bahia",NA,"Hamadryas",NA,NA,NA,NA,NA,NA,NA,NA,NA,NA,NA,NA,NA,NA,"Original herbarium: Mart.; Hamadryas, Dryas; HABITAT: Hamadryas, Dryas",NA,NA
92,2017-09-11 20:09:57,"UnB","HBVIRTFLBRAS",NA,"O","Plantae",NA,NA,NA,"Fabaceae","Chaetocalyx","acutifolia",NA,"Chaetocalyx acutifolia","(Vogel) Benth.",NA,NA,NA,NA,NA,"Luschnath, B","s.n",NA,NA,NA,NA,NA,NA,"Southern America","Brazil","Rio de Janeiro",NA,NA,NA,NA,NA,NA,NA,NA,NA,NA,NA,NA,NA,NA,NA,NA,NA,NA,NA
93,2017-09-11 20:09:57,"UnB","HBVIRTFLBRAS",NA,"O","Plantae",NA,NA,NA,"Fabaceae","Chaetocalyx","acutifolia",NA,"Chaetocalyx acutifolia","(Vogel) Benth.",NA,NA,NA,NA,NA,"Pohl, JBE","s.n",NA,NA,NA,NA,NA,NA,"Southern America","Brazil","Rio de Janeiro",NA,NA,NA,NA,NA,NA,NA,NA,NA,NA,NA,NA,NA,NA,NA,NA,NA,NA,NA
94,2019-05-22 13:14:51,"IBt","SP","348508","S","Plantae",NA,NA,NA,"Myrtaceae","Eugenia","platyphylla",NA,"Eugenia platyphylla","O.Berg","Sobral, M",NA,NA,NA,NA,"Jardim, JG; et al.","1862",NA,1999,"01","01",NA,NA,NA,"Brasil","Bahia","Jussari","Rod. Jussari-Palmira, entrada ca. 7,5km Faz. Teimoso, a 1,5km E da entrada , Reserfa do patrimônio Natural (RPPN), Serra do Teimoso. Floresta semi decidual.",-39.583333,-15.166667,NA,NA,400,400,NA,NA,NA,NA,NA,NA,NA,NA,"Arvoreta ca. 5m alt., folhas discolores, verdes na face superior e face inferior mais clara. Frutos imaturos verdes, roxos quase negros quando maduros.",NA,NA
95,2019-05-22 13:14:51,"IBt","SP","345383","S","Plantae",NA,NA,NA,"Myrtaceae","Eugenia","platyphylla",NA,"Eugenia platyphylla","O.Berg","Sobral, M",2007,NA,NA,NA,"Carvalho, AM; Silva, MM; Costa, J; Queiroz, EP; Stradmann, MTS; Santos, IS","6686",NA,1998,"12","20",NA,NA,NA,"Brasil","Bahia","Jussari","Rod. Jussari-Palmira, entrada ca, 7,5km percorreno mais 1,7km até a sede da faz. Teimoso, Serra do Teimoso, RPPN Serra do Teimoso.",-39.583333,-15.166667,NA,NA,300,450,NA,NA,NA,NA,NA,NA,NA,NA,"Arbusto ca. 2,5m alt., folhas cartácas, discolores, face adaxial lustrosa, fruos de coloração amarelo-avermelhado.","SP028638",NA
96,2019-05-22 13:14:51,"IBt","SP","271520","S","Plantae",NA,NA,NA,"Myrtaceae","Eugenia","platyphylla",NA,"Eugenia platyphylla","O.Berg","Sobral, M",2004,NA,NA,NA,"Thomas, WW; Jardim, J; Sant'Ana, S","9801",NA,1993,"05","05",NA,NA,NA,"Brasil","Bahia","Uruçuca","7,3km north of Serra Grande on road ro Itacaré. Fazenda Lagoa do Conjunto Fazenda Santa Cruz. Transsect study site. Southern Bahian wet forest.",-39.016667,-14.416667,NA,NA,NA,NA,NA,NA,NA,NA,NA,NA,NA,NA,"Tree ca. 8m, leaves subcoriaceus, bright green above, yellow-green beneath. Flowers white. Photo.","SP028639",NA
97,2019-05-22 13:14:51,"IBt","SP","299128B","S","Plantae",NA,NA,NA,"Myrtaceae","Eugenia","platyphylla",NA,"Eugenia platyphylla","O.Berg","Sobral, M",2007,NA,NA,NA,"Assis, MA","680",NA,1995,"10","14",NA,NA,NA,"Brasil","Espírito Santo","Santa Cruz","Aldeia Caieiras Velha. Mata atlãntica de tabuleiro.",NA,NA,NA,NA,NA,NA,NA,NA,NA,NA,NA,NA,NA,NA,"Árvore com botões brancos.","SP028636",NA
98,2019-05-22 13:14:51,"IBt","SP","343807","S","Plantae",NA,NA,NA,"Myrtaceae","Eugenia","platyphylla",NA,"Eugenia platyphylla","O.Berg","Sobral, M",2007,NA,NA,NA,"Lombardi, JA","3640",NA,2000,"03","24",NA,NA,NA,"Brasil","Minas Gerais","Caratinga","Estação Biológica de Caraatinga, Fazenda Montes Claros. Mata atlântica e borda de caminho do Jaó para a sede.",-41.818889,-19.736389,NA,NA,NA,NA,NA,NA,NA,NA,NA,NA,NA,NA,"Arbusto, ca. 2m alt., ramos decumbentes, folhas coriáceas, botões e flores brancos, flores com odor agradável.","SP028637",NA
99,2019-06-06 19:45:53,"IBt","SP","345377","S","Plantae",NA,NA,NA,"Myrtaceae","Eugenia","platyphylla",NA,"Eugenia platyphylla","O.Berg","Fiaschi, P",NA,NA,NA,NA,"Amorim, AM; et al.","2689",NA,1998,"11","21",NA,NA,NA,"Brasil","Bahia","Jussari","Rod. Jussari-Palmira, entrada ca, 7,5km d Jussari, Faz. Teimoso, RPPN Serra do Teimoso. Mata mesófila.",-39.528611,-15.158056,NA,NA,NA,NA,NA,NA,NA,NA,NA,NA,NA,NA,"Arvoreta ca. 3m alt., folhas algo discolores, frutos imaturos verdes.","SP057053",NA
100,2019-05-22 13:14:51,"IBt","SP","37191","S","Plantae",NA,NA,NA,"Myrtaceae","Eugenia","platyphylla",NA,"Eugenia platyphylla","O.Berg","Sobral, M",1992,NA,NA,NA,"Silva, P","5066",NA,1935,"11","15",NA,NA,NA,"Brasil","Bahia","Água Preta",NA,NA,NA,NA,NA,NA,NA,NA,NA,NA,NA,NA,NA,NA,NA,"Árvore ca. 10m alt., flores amareladas.","SP028640",NA
101,2019-06-27 12:41:54,"UNESP-IBB","BOTU","32673","S","Plantae",NA,NA,NA,"Fabaceae","Chaetocalyx","acutifolia",NA,"Chaetocalyx acutifolia","(Vogel) Benth","Leitão Filho, H.F.",1968,"03","27",NA,"Souza, H.M.",NA,NA,1968,"03","22",NA,NA,NA,"Brasil","São Paulo","São Luiz do Paraitinga",NA,NA,NA,NA,NA,NA,NA,NA,NA,NA,NA,NA,NA,NA,NA,NA,"BOTU032673",NA
102,2019-05-02 14:20:18,"FUNED","FUNED-POL","4694","S","Plantae",NA,NA,NA,"Fabaceae","Chaetocalyx","acutifolia",NA,"Chaetocalyx acutifolia",NA,NA,NA,NA,NA,NA,"Bastos, E.M.A.F.",NA,NA,2011,"06","23",NA,NA,NA,"Brasil","MG","Janaúba","Fazenda Coqueiros Mata Seca",-43.463056,-15.709167,NA,NA,NA,NA,NA,NA,NA,NA,NA,NA,NA,NA,NA,"POL004694",NA
103,2017-06-09 13:10:05,"UNEB","HUNEB","398","S","Plantae","Angiospermae","Dicotyledoneae","Florideophycidae","Myrtaceae","Eugenia","platyphylla",NA,"Eugenia platyphylla","O. Berg",NA,NA,NA,NA,NA,"Jesus, N.G.","295",NA,1998,"02","05",NA,NA,NA,"Brasil","Bahia","Entre Rios","RPPN fazenda lontra / Saudade",-40.215556,-12.915278,NA,NA,120,150,NA,NA,NA,NA,NA,NA,NA,NA,"Floresta subperenifolia","HUNEB0000398",NA
104,2019-09-24 13:56:33,"EAO","IAN","26028","PreservedSpecimen","Plantae","Dicotiledônea",NA,NA,"Leguminosae-Pap.","Chaetocalyx","acutifolia",NA,"Chaetocalyx acutifolia","Benth.",NA,NA,NA,NA,NA,"Schott, HW","s.n.",NA,NA,NA,NA,NA,NA,"Southern America","Brasil",NA,NA,NA,NA,NA,NA,NA,NA,NA,NA,NA,NA,NA,NA,NA,NA,NA,NA,"IAN026028",NA
105,2019-09-19 22:03:18,"UCS","HUCS","28990","S","Plantae","Angiospermae",NA,"Myrtales","Myrtaceae","Eugenia","platyphylla",NA,"Eugenia platyphylla","O. Berg","Sobral, M.",2005,NA,NA,NA,"Hatschbach, G.; Silva, J.M.; Ferreira, L.A.","68617",NA,1998,"10","17",NA,NA,NA,"Brasil","Bahia","Una","Reserva Biológica de Una",-39.0752983093262,-15.2932996749878,36070,NA,NA,NA,NA,NA,NA,NA,NA,NA,NA,NA,"árvore, 8m, flor alva.; restinga arbórea",NA,"auto"
106,2019-06-27 13:25:52,"UFES","VIES","33953","S","Plantae",NA,NA,NA,"Myrtaceae","Eugenia","platyphylla",NA,"Eugenia platyphylla","O.Berg","Moreau, J.S.",2014,NA,NA,NA,"Moreau, J.S.","79",NA,2013,"02","21",NA,NA,NA,"Brasil","Espírito Santo","Aracruz",NA,-40.2733001708984,-19.8202991485596,37987,NA,33,33,NA,NA,NA,NA,NA,NA,NA,NA,NA,"VIES033953","auto"
107,2019-03-20 14:14:35,"MBML","MBML-HERBARIO","11323",NA,"Plantae",NA,NA,NA,"Myrtaceae","Eugenia","platyphylla",NA,"Eugenia platyphylla",NA,"M. Sobral/2003",NA,NA,NA,NA,"V. Demuner; et al","184",NA,1999,"10","27",NA,NA,NA,"Brasil","Espírito Santo","Santa Teresa","Estação Biológica de Santa Lúcia",-40.530278,-19.971389,NA,NA,NA,NA,NA,NA,NA,NA,NA,NA,NA,NA,"Árvore 12m, DAP 18cm, fuste 8m, frutos imaturos de cor verde. Solo rochoso, beira de cachoeira.","MBML011323",NA
108,2019-03-20 14:14:35,"MBML","MBML-HERBARIO","15081",NA,"Plantae",NA,NA,NA,"Myrtaceae","Eugenia","platyphylla",NA,"Eugenia platyphylla",NA,"M. Sobral/2003",NA,NA,NA,NA,"L. Kollmann; et al","4515",NA,2001,"09","05",NA,NA,NA,"Brasil","Espírito Santo","Santa Teresa","Estação Biológica de Santa Lúcia",-40.530278,-19.971389,NA,NA,NA,NA,NA,NA,NA,NA,NA,NA,NA,NA,"Arvoreto 11m. DAP 20cm. Fuste 8m. Frutos verdes.","MBML015081",NA
109,2019-03-20 14:14:35,"MBML","MBML-HERBARIO","15400",NA,"Plantae",NA,NA,NA,"Myrtaceae","Eugenia","platyphylla",NA,"Eugenia platyphylla",NA,"K.S. Valdemarin/19-03-2019",NA,NA,NA,NA,"L. Kollmann; et al","4729",NA,2001,"09","26",NA,NA,NA,"Brasil","Espírito Santo","Santa Teresa","Reserva Biológica Augusto Ruschi - Nova Lombardia",-40.553056,-19.9075,NA,NA,NA,NA,NA,NA,NA,NA,NA,NA,NA,NA,"Arvoreto 7m. Frutos verdes.","MBML015400",NA
110,2019-03-20 14:14:35,"MBML","MBML-HERBARIO","15652",NA,"Plantae",NA,NA,NA,"Myrtaceae","Eugenia","platyphylla",NA,"Eugenia platyphylla",NA,"K.S. Valdemarin/19-03-2019",NA,NA,NA,NA,"L. Kollmann; et al","4974",NA,2001,"11","07",NA,NA,NA,"Brasil","Espírito Santo","Santa Teresa","Reserva Biológica Augusto Ruschi - Nova Lombardia",-40.553056,-19.9075,NA,NA,NA,NA,NA,NA,NA,NA,NA,NA,NA,NA,"Arvoreto 4m. Frutos pretos maduros.","MBML015652",NA
111,2019-03-20 14:14:35,"MBML","MBML-HERBARIO","24979",NA,"Plantae",NA,NA,NA,"Myrtaceae","Eugenia","platyphylla",NA,"Eugenia platyphylla",NA,"K.S. Valdemarin/19-03-2019",NA,NA,NA,NA,"L. Kollmann; et al","8277",NA,2005,"08","31",NA,NA,NA,"Brasil","Espírito Santo","Santa Teresa","Estação Biológica de Santa Lúcia",-40.530278,-19.971389,NA,NA,NA,NA,NA,NA,NA,NA,NA,NA,NA,NA,"Arvoreto 4m. Flores brancas.","MBML024979",NA
112,2019-03-20 14:14:35,"MBML","MBML-HERBARIO","39797",NA,"Plantae",NA,NA,NA,"Myrtaceae","Eugenia","platyphylla",NA,"Eugenia platyphylla",NA,"K.S. Valdemarin/18-03-2019",NA,NA,NA,NA,"A. P. Fontana; Kaio A. Brahim","2821",NA,2007,"02","08",NA,NA,NA,"Brasil","Espírito Santo","Fundão","APA do Goiapaba-açu. Piabas, prop. De Albino Cassimiro. Floresta Ombrófila Densa, mata de encosta.",-40.4745,-19.879861,NA,NA,685,685,NA,NA,NA,NA,NA,NA,NA,NA,"Sub-arbusto, escandente, flores com cálice verde-esbranquiçado, corola e estames secos","MBML039797",NA
113,2019-03-20 14:14:35,"MBML","MBML-HERBARIO","6069",NA,"Plantae",NA,NA,NA,"Myrtaceae","Eugenia","platyphylla",NA,"Eugenia platyphylla",NA,"K.S. Valdemarin/19-03-2019",NA,NA,NA,NA,"W. Pizziolo; et al","347",NA,1990,"10","22",NA,NA,NA,"Brasil","Espírito Santo","Santa Teresa","Estação Biológica de Santa Lúcia",-40.530278,-19.971389,NA,NA,NA,NA,NA,NA,NA,NA,NA,NA,NA,NA,"Arvoreta +/- 4m, fuste 3m, DAP 3cm, frutos vermelhos e pretos quando maduros.","MBML006069",NA
114,2019-03-20 14:14:35,"MBML","MBML-HERBARIO","8008",NA,"Plantae",NA,NA,NA,"Myrtaceae","Eugenia","platyphylla",NA,"Eugenia platyphylla",NA,"K.S. Valdemarin/19-03-2019",NA,NA,NA,NA,"L. Kollmann; E. Bausen & W. Pizziolo","793",NA,1998,"10","27",NA,NA,NA,"Brasil","Espírito Santo","Santa Teresa","São Lourenço",-40.620556,-19.931111,NA,NA,NA,NA,NA,NA,NA,NA,NA,NA,NA,NA,"Fundo de vale. Arbusto 4m. Frutos pretos maduros.","MBML008008",NA
115,2019-03-20 14:14:35,"MBML","MBML-HERBARIO","51907",NA,"Plantae",NA,NA,NA,"Myrtaceae","Eugenia","platyphylla",NA,"Eugenia platyphylla",NA,"A.C. Tuler/01-V-2015",NA,NA,NA,NA,"A.C. Tuler; V. Manhães & T.T. Carrijo","512",NA,2014,"05","01",NA,NA,NA,"Brasil","Espírito Santo","Cachoeiro de Itapemirim","RPPN, Região de Pacotuba-Cafundó. RPPN do senhor Luís",-41.1128005981445,-20.8488998413086,35694,NA,NA,NA,NA,NA,NA,NA,NA,NA,NA,NA,"Arbusto de 3m. Flores brancas. Altura 3m","MBML051907","auto"
116,2019-03-20 14:14:35,"MBML","MBML-HERBARIO","27562",NA,"Plantae",NA,NA,NA,"Myrtaceae","Eugenia","platyphylla",NA,"Eugenia platyphylla",NA,"M. Sobral/Março-2007",NA,NA,NA,NA,"V. Demuner; L.F.S. Magnago, T. Cruz, Elias Bausen","3067",NA,2006,"11","14",NA,NA,NA,"Brasil","Espírito Santo","Governador Lindenberg","Mata da Prefeitura",-40.455278,-19.247222,NA,NA,150,150,NA,NA,NA,NA,NA,NA,NA,NA,"Árvore 8m, fuste 6m, Dap 25cm, frutos verdes. Interior de mata alterada.","MBML027562",NA
117,2019-09-05 14:06:28,"UFRB","HURB","4606","PreservedSpecimen","Plantae",NA,NA,NA,"Myrtaceae","Eugenia","platyphyla",NA,"Eugenia platyphyla","O. Berg.",NA,NA,NA,NA,NA,"Lucas, E.; Milliken, W.; Nic Lughadha; et al","1162",NA,2012,"10","14",NA,NA,NA,"Brasil","Bahia","Wenceslau Guimarães","Estação Ecológica; Trilha da Água Vermelha",-39.715278,-13.578333,NA,NA,585,585,NA,NA,NA,NA,NA,NA,NA,NA,"DNA.","HURB000004606",NA
118,2019-08-28 12:32:07,"UFRPE","HST","3547","PreservedSpecimen","Plantae",NA,NA,NA,"Myrtaceae","Eugenia","platyphylla",NA,"Eugenia platyphylla","O.Berg","M.Sobral",2006,NA,NA,NA,"M.T.Monteiro","23501",NA,1971,"07","24",NA,NA,NA,"Brasil","Bahia","Itamarajú","Fazenda Boa Vista",-39.5311012268066,-17.0391998291016,55932,NA,NA,NA,NA,NA,NA,NA,NA,NA,NA,NA,"Flores esbranquiçadas sem perfume","HST003547","auto"
119,2019-08-28 12:32:07,"UFRPE","HST","3567","PreservedSpecimen","Plantae",NA,NA,NA,"Myrtaceae","Eugenia","platyphylla",NA,"Eugenia platyphylla","O.Berg","M.Sobral",2006,NA,NA,NA,"M.T.Monteiro","23509",NA,1971,"07","28",NA,NA,NA,"Brasil","Bahia","Itamarajú","Fazenda Várzea Alegre",-39.5311012268066,-17.0391998291016,55932,NA,NA,NA,NA,NA,NA,NA,NA,NA,NA,NA,"Flores alvas, com perfume agradável","HST003567","auto"
120,2019-09-13 18:29:13,"CVRD","CVRD","1074","PreservedSpecimen","Plantae","Magnoliophyta","Magnoliopsida","Myrtales","Myrtaceae","Eugenia","platyphylla",NA,"Eugenia platyphylla","O.Berg","Marcos Sobral",2006,"08","25",NA,"Folli, D.A.","479",NA,1983,"11","25",NA,NA,"América do Sul","BRASIL","ES","LINHARES",NA,-39.915618,-19.117675,NA,NA,9,9,NA,NA,NA,NA,NA,NA,NA,NA,"<ll>dwc_commonname:</ll> Batinga casca grossa","CVRD001074",NA
121,2019-09-13 18:29:13,"CVRD","CVRD","984","PreservedSpecimen","Plantae","Magnoliophyta","Magnoliopsida","Myrtales","Myrtaceae","Eugenia","platyphylla",NA,"Eugenia platyphylla","O.Berg","Marcos Sobral",2006,"08","25",NA,"Silva, I.A.","364",NA,1982,"11","29",NA,NA,"América do Sul","BRASIL","ES","LINHARES",NA,-39.953048,-19.192325,NA,NA,29,29,NA,NA,NA,NA,NA,NA,NA,NA,"<ll>dwc_commonname:</ll> Batinga casca grossa","CVRD000984",NA
122,2019-09-13 18:29:13,"CVRD","CVRD","1811","PreservedSpecimen","Plantae","Magnoliophyta","Magnoliopsida","Myrtales","Myrtaceae","Eugenia","platyphylla",NA,"Eugenia platyphylla","O.Berg","Marcos Sobral",2006,"08","25",NA,"Farias, G.L.","180",NA,1988,"04","26",NA,NA,"América do Sul","BRASIL","BA","PORTO SEGURO",NA,-39.0647010803223,-16.4496994018555,68835,NA,NA,NA,NA,NA,NA,NA,NA,NA,NA,NA,"<ll>dwc_commonname:</ll> Batinga casca grossa","CVRD001811","auto"
123,2019-09-13 18:29:13,"CVRD","CVRD","11979","PreservedSpecimen","Plantae","Magnoliophyta","Magnoliopsida","Myrtales","Myrtaceae","Eugenia","platyphylla",NA,"Eugenia platyphylla","O.Berg","Geovane S. Siqueira",2008,"10","31",NA,"Siqueira, G.S.","449",NA,2008,"10","31",NA,NA,"América do Sul","BRASIL","ES","LINHARES",NA,-40.0722007751465,-19.3910999298096,48094,NA,NA,NA,NA,NA,NA,NA,NA,NA,NA,NA,"<ll>dwc_commonname:</ll> Batinga casca grossa","CVRD011979","auto"
124,2019-09-13 18:29:13,"CVRD","CVRD","15813","PreservedSpecimen","Plantae","Magnoliophyta","Magnoliopsida","Myrtales","Myrtaceae","Eugenia","platyphylla",NA,"Eugenia platyphylla","O.Berg","Geovane S. Siqueira",2017,"11","22",NA,"Siqueira, G.S.","1200",NA,2017,"11","22",NA,NA,"América do Sul","BRASIL","ES","LINHARES",NA,-40.0722007751465,-19.3910999298096,48094,NA,NA,NA,NA,NA,NA,NA,NA,NA,NA,NA,"<ll>dwc_commonname:</ll> Batinga casca grossa","CVRD015813","auto"
125,2019-09-13 18:29:13,"CVRD","CVRD","2449","PreservedSpecimen","Plantae","Magnoliophyta","Magnoliopsida","Myrtales","Myrtaceae","Eugenia","platyphylla",NA,"Eugenia platyphylla","O.Berg","Marcos de Souza Menandro",1989,"11","23",NA,"Folli, D.A.","1014",NA,1989,"11","23",NA,NA,"América do Sul","BRASIL","ES","LINHARES",NA,-40.0722007751465,-19.3910999298096,48094,NA,NA,NA,NA,NA,NA,NA,NA,NA,NA,NA,"<ll>dwc_commonname:</ll> Batinga casca grossa","CVRD002449","auto"
126,2019-09-13 18:29:13,"CVRD","CVRD","5554","PreservedSpecimen","Plantae","Magnoliophyta","Magnoliopsida","Myrtales","Myrtaceae","Eugenia","platyphylla",NA,"Eugenia platyphylla","O.Berg","Karinne S. Valdemarin",2019,"03","21",NA,"Folli, D.A.","2857",NA,1996,"12","03",NA,NA,"América do Sul","BRASIL","ES","LINHARES",NA,-40.0722007751465,-19.3910999298096,48094,NA,NA,NA,NA,NA,NA,NA,NA,NA,NA,NA,"<ll>dwc_commonname:</ll> Batinga casca grossa","CVRD005554","auto"
127,2019-09-13 18:29:13,"CVRD","CVRD","8347","PreservedSpecimen","Plantae","Magnoliophyta","Magnoliopsida","Myrtales","Myrtaceae","Eugenia","platyphylla",NA,"Eugenia platyphylla","O.Berg","Geovane S. Siqueira",2003,"10","15",NA,"Siqueira, G.S.","45",NA,2003,"10","15",NA,NA,"América do Sul","BRASIL","ES","LINHARES",NA,-40.0722007751465,-19.3910999298096,48094,NA,NA,NA,NA,NA,NA,NA,NA,NA,NA,NA,"<ll>dwc_commonname:</ll> Batinga casca grossa","CVRD008347","auto"
128,2019-09-13 18:29:13,"CVRD","CVRD","8451","PreservedSpecimen","Plantae","Magnoliophyta","Magnoliopsida","Myrtales","Myrtaceae","Eugenia","platyphylla",NA,"Eugenia platyphylla","O.Berg","Domingos A. Folli",2003,"12","02",NA,"Folli, D.A.","4685",NA,2003,"12","02",NA,NA,"América do Sul","BRASIL","ES","LINHARES",NA,-40.0722007751465,-19.3910999298096,48094,NA,NA,NA,NA,NA,NA,NA,NA,NA,NA,NA,"<ll>dwc_commonname:</ll> Batinga casca grossa","CVRD008451","auto"
129,2019-09-13 18:29:13,"CVRD","CVRD","8468","PreservedSpecimen","Plantae","Magnoliophyta","Magnoliopsida","Myrtales","Myrtaceae","Eugenia","platyphylla",NA,"Eugenia platyphylla","O.Berg","Marcelo C. Souza",2005,"11","16",NA,"Folli, D.A.","4688",NA,2003,"12","04",NA,NA,"América do Sul","BRASIL","ES","LINHARES",NA,-40.0722007751465,-19.3910999298096,48094,NA,NA,NA,NA,NA,NA,NA,NA,NA,NA,NA,"<ll>dwc_commonname:</ll> Batinga casca grossa","CVRD008468","auto"
130,2019-09-13 18:29:13,"CVRD","CVRD","975","PreservedSpecimen","Plantae","Magnoliophyta","Magnoliopsida","Myrtales","Myrtaceae","Eugenia","platyphylla",NA,"Eugenia platyphylla","O.Berg","Marcos Sobral",2006,"08","25",NA,"Folli, D.A.","412",NA,1982,"11","22",NA,NA,"América do Sul","BRASIL","ES","LINHARES",NA,-40.0722007751465,-19.3910999298096,48094,NA,NA,NA,NA,NA,NA,NA,NA,NA,NA,NA,"<ll>dwc_commonname:</ll> Batinga casca grossa","CVRD000975","auto"
131,2019-09-13 18:29:13,"CVRD","CVRD","2357","PreservedSpecimen","Plantae","Magnoliophyta","Magnoliopsida","Myrtales","Myrtaceae","Eugenia","platyphylla",NA,"Eugenia platyphylla","O.Berg","Karinne S. Valdemarin",2019,"03","21",NA,"Menandro, M.S.","162",NA,1989,"09","04",NA,NA,"América do Sul","BRASIL","ES","LINHARES","Localizada na entrada da RFL, à esquerda.",-40.0722007751465,-19.3910999298096,48094,NA,NA,NA,NA,NA,NA,NA,NA,NA,NA,NA,"<ll>dwc_commonname:</ll> Batinga casca grossa","CVRD002357","auto"
132,2019-09-13 18:29:13,"CVRD","CVRD","11511","PreservedSpecimen","Plantae","Magnoliophyta","Magnoliopsida","Myrtales","Myrtaceae","Eugenia","platyphylla",NA,"Eugenia platyphylla","O.Berg","Karinne S. Valdemarin",2019,"03","21",NA,"Rando, J.G.","152",NA,2006,"04","05",NA,NA,"América do Sul","BRASIL","ES","LINHARES","Taxonomia de Campo USP, UNICAMP, ESAlq",-40.0722007751465,-19.3910999298096,48094,NA,NA,NA,NA,NA,NA,NA,NA,NA,NA,NA,"Árvore com 12m de alt. Frutos secos <ll>dwc_commonname:</ll> Batinga casca grossa","CVRD011511","auto"
133,2019-09-13 18:29:13,"CVRD","CVRD","9852","PreservedSpecimen","Plantae","Magnoliophyta","Magnoliopsida","Myrtales","Myrtaceae","Eugenia","platyphylla",NA,"Eugenia platyphylla","O.Berg","Marcos Sobral",2007,"02","10",NA,"Luz, A.A. da","365",NA,2006,"11","30",NA,NA,"América do Sul","BRASIL","MG","AIMORÉS","Instituto Terra",-41.0638999938965,-19.4958000183105,54161,NA,NA,NA,NA,NA,NA,NA,NA,NA,NA,NA,"<ll>dwc_commonname:</ll> Batinga casca grossa","CVRD009852","auto"
134,2019-07-24 19:12:43,"SMITHSONIAN","US","2222669","PreservedSpecimen","Plantae",NA,"Dicotyledonae","Rosales","Fabaceae","Chaetocalyx","acutifolia",NA,"Chaetocalyx acutifolia","(Vogel) Benth.",NA,NA,NA,NA,NA,"-. Apparicio & Rizzini","27",NA,1946,"03","12",NA,NA,"South America - Neotropics","Brazil","Distrito Federal",NA,"Morro do Sacopan",NA,NA,NA,NA,NA,NA,NA,NA,NA,NA,NA,NA,NA,NA,"<a href=\"http://n2t.net/ark:/65665/3665da65c-077c-4108-83e8-d2851be9908d\" target=\"other\" class=\"eLink\"> <mi>dwc_moreinfo</mi></a>",NA,NA
135,2019-07-24 19:12:43,"SMITHSONIAN","US","2249727","PreservedSpecimen","Plantae",NA,"Dicotyledonae","Rosales","Fabaceae","Chaetocalyx","acutifolia",NA,"Chaetocalyx acutifolia","(Vogel) Benth.",NA,NA,NA,NA,NA,"J. G. Kuhlmann","s.n.",NA,1920,"05",NA,NA,NA,"South America - Neotropics","Brazil","Rio de Janeiro",NA,"Corcovada",NA,NA,NA,NA,NA,NA,NA,NA,NA,NA,NA,NA,NA,NA,"<a href=\"http://n2t.net/ark:/65665/302090fb3-4c4b-487d-b902-1e7b83f50566\" target=\"other\" class=\"eLink\"> <mi>dwc_moreinfo</mi></a>",NA,NA
136,2019-02-20 15:18:16,"USP","SPF","166058","S","Plantae",NA,NA,NA,"Myrtaceae","Eugenia","platyphylla",NA,"Eugenia platyphylla","O.Berg","Giaretta, A",2016,"06",NA,NA,"Fiaschi, P","1975",NA,2004,"02","14",NA,NA,NA,"Brasil","Bahia","Jussari","RPPN Serra do Teimoso",-39.536111,-15.160278,NA,NA,NA,NA,NA,NA,NA,NA,NA,NA,NA,NA,NA,"SPF00166058",NA
137,2019-02-20 15:18:16,"USP","SPF","41386","S","Plantae",NA,NA,NA,"Myrtaceae","Eugenia","platyphylla",NA,"Eugenia platyphylla","O.Berg","Sobral, M",1992,NA,NA,NA,"Santos, TS","3838",NA,1982,"12","29",NA,NA,NA,"Brasil","Bahia","Ilhéus",NA,-39.0494003295898,-14.7889003753662,61245,NA,NA,NA,NA,NA,NA,NA,NA,NA,NA,NA,NA,"SPF00041386","auto"
138,2018-09-06 20:10:11,"UEFS","HUEFS","87407","S","Plantae","Angiospermae","Rosanae","Myrtales","Myrtaceae","Eugenia","platyphylla",NA,"Eugenia platyphylla","O.Berg",NA,NA,NA,NA,"Tipo","Sem coletor",NA,NA,NA,NA,NA,NA,NA,NA,NA,NA,NA,NA,NA,NA,NA,NA,NA,NA,NA,NA,NA,NA,NA,NA,NA,NA,NA,"HUEFS0087407",NA
139,2019-07-11 19:15:17,"UEFS","HUEFS","169298","S","Plantae","Angiospermae","Rosanae","Myrtales","Myrtaceae","Eugenia","platyphylla",NA,"Eugenia platyphylla","O.Berg","J.D.O.Melo",2019,"07",NA,NA,"Matos, E.N.de","3484",NA,2012,"05","01",NA,NA,NA,"Brasil","Bahia","Valença","Faz. Bela Vista (Sr. Ubiratã)",-39.02,-13.256667,NA,NA,NA,NA,NA,NA,NA,NA,NA,NA,NA,NA,"Restinga. Floresta.","HUEFS0169298",NA
140,2018-09-06 20:10:11,"UEFS","HUEFS","188799","S","Plantae","Angiospermae","Rosanae","Myrtales","Myrtaceae","Eugenia","platyphylla",NA,"Eugenia platyphylla","O.Berg",NA,NA,NA,NA,NA,"Matos, E.N.de","1225",NA,2011,"05","30",NA,NA,NA,"Brasil","Bahia","Una","Fazenda Bolandeira",-39.003333,-15.333056,NA,NA,NA,NA,NA,NA,NA,NA,NA,NA,NA,NA,"Restinga. Floresta.","HUEFS0188799",NA
141,2018-09-06 20:10:11,"UEFS","HUEFS","42110","S","Plantae","Angiospermae","Rosanae","Myrtales","Myrtaceae","Eugenia","platyphylla",NA,"Eugenia platyphylla","O.Berg",NA,NA,NA,NA,"Isosíntipo","Martius, K.F.P.von",NA,NA,NA,NA,NA,NA,NA,NA,"Brasil","Bahia",NA,NA,NA,NA,NA,NA,NA,NA,NA,NA,NA,NA,NA,NA,NA,NA,NA,"HUEFS0042110",NA
142,2018-09-06 20:10:11,"UEFS","HUEFS","42111","S","Plantae","Angiospermae","Rosanae","Myrtales","Myrtaceae","Eugenia","platyphylla",NA,"Eugenia platyphylla","O.Berg",NA,NA,NA,NA,"Isosíntipo","Martius, K.F.P.von",NA,NA,NA,NA,NA,NA,NA,NA,"Brasil","Bahia",NA,NA,NA,NA,NA,NA,NA,NA,NA,NA,NA,NA,NA,NA,NA,NA,NA,"HUEFS0042111",NA
143,2018-09-06 20:10:11,"UEFS","HUEFS","68316","S","Plantae","Angiospermae","Rosanae","Myrtales","Myrtaceae","Eugenia","platyphylla",NA,"Eugenia platyphylla","O.Berg","M.Sobral",2004,NA,NA,NA,"Jardim, J.G.","4134",NA,2003,"01","12",NA,NA,NA,"Brasil","Bahia","Itacaré","Rod. BR-101/Itacaré, vicinal para fazendas, entrada ca. 1km da BR-101. Fazenda Monte Alegre (Prop. Domingos Bandaró) ca. 9km da BR.",-39.25,-14.316667,NA,NA,NA,NA,NA,NA,NA,NA,NA,NA,NA,NA,"Floresta Ombrófila.","HUEFS0068316",NA
144,2018-09-06 20:10:11,"UEFS","HUEFS","80354","S","Plantae","Angiospermae","Rosanae","Myrtales","Myrtaceae","Eugenia","platyphylla",NA,"Eugenia platyphylla","O.Berg",NA,NA,NA,NA,"Tipo","Sem coletor",NA,NA,NA,NA,NA,NA,NA,NA,NA,NA,NA,NA,NA,NA,NA,NA,NA,NA,NA,NA,NA,NA,NA,NA,NA,NA,NA,"HUEFS0080354",NA
145,2018-09-06 20:10:11,"UEFS","HUEFS","87406","S","Plantae","Angiospermae","Rosanae","Myrtales","Myrtaceae","Eugenia","platyphylla",NA,"Eugenia platyphylla","O.Berg",NA,NA,NA,NA,"Tipo","Martius, K.F.P.von","687",NA,NA,NA,NA,NA,NA,NA,"Brasil",NA,NA,NA,NA,NA,NA,NA,NA,NA,NA,NA,NA,NA,NA,NA,NA,NA,NA,"HUEFS0087406",NA
146,2018-09-06 20:10:11,"UEFS","HUEFS","35660","S","Plantae","Angiospermae","Rosanae","Myrtales","Myrtaceae","Eugenia","platyphylla",NA,"Eugenia platyphylla","O.Berg","M.Sobral",2004,"05",NA,NA,"Fonseca, M.R.","295",NA,1998,"02","05",NA,NA,NA,"Brasil","Bahia","Entre Rios","Litoral Norte, Entre Rios, RPPN Fazenda Lontra/Saudade.",-38.084400177002,-11.9419002532959,52418,NA,NA,NA,NA,NA,NA,NA,NA,NA,NA,NA,"Mata.","HUEFS0035660","auto"
147,2018-09-06 20:10:11,"UEFS","HUEFS","117355","S","Plantae","Angiospermae","Rosanae","Myrtales","Myrtaceae","Eugenia","platyphylla",NA,"Eugenia platyphylla","O.Berg",NA,NA,NA,NA,NA,"Hatschbach, G.","68617",NA,1998,"10","17",NA,NA,NA,"Brasil","Bahia","Una","Reserva Biológica de Una.",-39.0752983093262,-15.2932996749878,36070,NA,NA,NA,NA,NA,NA,NA,NA,NA,NA,NA,NA,"HUEFS0117355","auto"
148,2016-10-10 13:23:03,"MOBOT","MOBOT_BR","1940428","S","Plantae",NA,NA,NA,"Myrtaceae","Eugenia","platyphylla",NA,"Eugenia platyphylla","O. Berg","Ronald L. Liesner",1975,NA,NA,"Isotype","Carl Martius","Martius 687",NA,1817,NA,NA,NA,NA,"South America","Brazil",NA,NA,NA,NA,NA,NA,NA,NA,NA,NA,NA,NA,NA,NA,NA,NA,NA,NA,NA,NA
149,2016-10-10 13:23:03,"MOBOT","MOBOT_BR","100461711","S","Plantae",NA,NA,NA,"Myrtaceae","Eugenia","platyphylla",NA,"Eugenia platyphylla","O. Berg","M. Sobral",2010,NA,NA,NA,"W. Wayt Thomas|J. Lima Paixão|Sérgio C. de Sant'Ana","Thomas 12690",NA,2001,"10","30",NA,NA,"South America","Brazil","Bahia","Aurelino Leal","11.2 km W of BR 101 on road from Aurelino Leal towards Laje do Banco.",-39.3833333,-14.35,NA,NA,175,200,NA,NA,NA,NA,NA,NA,NA,NA,NA,NA,NA
150,2016-10-10 13:08:12,"MOBOT","MOBOT_BR","3177088","S","Plantae",NA,NA,NA,"Fabaceae","Chaetocalyx","acutifolia",NA,"Chaetocalyx acutifolia","(Vogel) Benth.","M. Lavin",2001,NA,NA,NA,"H.W. Schott","Schott s.n.",NA,1817,NA,NA,NA,NA,"South America","Brazil",NA,NA,NA,NA,NA,NA,NA,NA,NA,NA,NA,NA,NA,NA,NA,NA,NA,NA,NA,NA
151,2016-08-23 13:59:57,"NHMLondon","NHM-LONDON-BOT","BM000799598","S","Plantae",NA,NA,NA,"Myrtaceae","Eugenia","platyphylla",NA,"Eugenia platyphylla","O.Berg",NA,NA,NA,NA,"Type","K.F.P. Martius","687",NA,NA,NA,NA,NA,NA,NA,"Brasil",NA,NA,NA,-53.08982,-10.773109,NA,NA,NA,NA,NA,NA,NA,NA,NA,"NHMUK:ecatalogue:4991901",NA,NA,"<a href=\"http://www.nhm.ac.uk/services/media-store/asset/29fb756b6bb99afe8cbbe8a6ee03d99b61968351/contents/preview\" target=\"other\" class=\"eLink\"> <mi>dwc_moreinfo</mi></a>",NA,NA
152,2019-07-01 12:45:06,"UFSCar","SORO","5848","S","Plantae",NA,NA,NA,"Myrtaceae","Eugenia","platyphylla",NA,"Eugenia platyphylla","O.Berg",NA,NA,NA,NA,NA,NA,"6466",NA,2009,"11","13",NA,NA,NA,"Brasil","Espírito Santo","Linhares","Reserva Natural da Vale. Estrada Aceiro Catelã João Pedro.",-40.0722007751465,-19.3910999298096,48094,NA,NA,NA,NA,NA,NA,NA,NA,NA,NA,NA,"Mussununga. Arbóreo com flor e botão brancos, descamação ausente fuste cilindrico; superfície áspera.",NA,"auto"
153,2019-08-13 17:21:43,"UFRGS","ICN","061016","S","Plantae","Dicotyledon",NA,NA,"Myrtaceae","Eugenia","cf. platyphylla",NA,"Eugenia cf. platyphylla","O.Berg","Sobral, M",1984,"07",NA,NA,"Almeida, J; Santos, TS","186",NA,1968,"10","31",NA,NA,"América do Sul","Brasil","BA","Ilhéus","Área do CEPEC (Centro de Pesquisas do Cacau), km 22 da Rodovia Ilhéus/Itabuna (BR 415).",-39.0494003295898,-14.7889003753662,61245,NA,NA,NA,NA,NA,NA,NA,NA,NA,NA,NA,"Árvore 18m x 20cm. Frutos novos roxos; Região da Mata Higrófila Sul Baiana com 50m de altura. Plantação de cacau",NA,"auto"
154,2019-08-13 17:21:43,"UFRGS","ICN","061015","S","Plantae","Dicotyledon",NA,NA,"Myrtaceae","Eugenia","cf. platyphylla",NA,"Eugenia cf. platyphylla","O.Berg","Sobral, M",1984,"07",NA,NA,"Santos, TS","3838",NA,1982,"12","29",NA,NA,"América do Sul","Brasil","BA","Ilhéus","Área do CEPEC (Centro de Pesquisas do Cacau), km 22 da Rodovia Ilhéus/Itabuna (BR 415).",-39.0494003295898,-14.7889003753662,61245,NA,NA,NA,NA,NA,NA,NA,NA,NA,NA,NA,"Planta testemunha do inventário florestal; Árvore de 7m x 11cm diametro. Flores creme; Região da Mata Higrófila Sul Baiana com 50m de altura. Quadra D",NA,"auto"
155,2019-08-13 17:21:43,"UFRGS","ICN","061012","S","Plantae","Dicotyledon",NA,NA,"Myrtaceae","Eugenia","cf. platyphylla",NA,"Eugenia cf. platyphylla","O.Berg","Sobral, M",1984,"07",NA,NA,"Santos, TS","s.n.",NA,1971,"11","13",NA,NA,"América do Sul","Brasil","BA","Ipiaú","Rodovia Ipiaú/Ibirataia",-39.7338981628418,-14.1372003555298,24789,NA,NA,NA,NA,NA,NA,NA,NA,NA,NA,NA,"Árvore com 5m de altura. Flor branca; Mata",NA,"auto"
156,2018-08-24 20:02:51,"NYBG","NYBG_BR","1195918","S","Plantae","Magnoliophyta",NA,"Myrtales","Myrtaceae","Eugenia","platyphylla",NA,"Eugenia platyphylla","O.Berg","M. Sobral",NA,NA,NA,NA,"J. G. Jardim","1523.0",NA,1998,"02","04",NA,NA,"South America","Brasil","Bahia","Jussari","Rod. Jussari/Palmira. Entrada ca. 7.5 km percorrendo mais 1.7 km atÃ© a sede da Faz. Teimoso. Serra do Teimoso. RPPN Serra do Teimoso.",-39.58,-15.17,NA,NA,300,300,NA,NA,NA,"sheet",NA,NA,NA,NA,"<a href=\"http://sweetgum.nybg.org/science/vh/specimen_details.php?irn=1404951\" target=\"other\" class=\"eLink\"> <mi>dwc_moreinfo</mi></a>","NY01195918",NA
157,2018-08-24 20:02:51,"NYBG","NYBG_BR","1240761","S","Plantae","Magnoliophyta",NA,"Myrtales","Myrtaceae","Eugenia","platyphylla",NA,"Eugenia platyphylla","O.Berg","M. Sobral",NA,NA,NA,NA,"W. W. Thomas","12690.0",NA,2001,"10","30",NA,NA,"South America","Brasil","Bahia","Aurelino Leal","11.2 km W of BR 101 on road from Aurelino Leal towards Laje do Banco",-39.381867,-14.34533,NA,NA,175,175,NA,NA,NA,"sheet",NA,NA,NA,NA,"<a href=\"http://sweetgum.nybg.org/science/vh/specimen_details.php?irn=622973\" target=\"other\" class=\"eLink\"> <mi>dwc_moreinfo</mi></a>","NY01240761",NA
158,2018-08-24 20:02:51,"NYBG","NYBG_BR","594872","S","Plantae","Magnoliophyta",NA,"Myrtales","Myrtaceae","Eugenia","platyphylla",NA,"Eugenia platyphylla","O.Berg","M. Sobral",NA,NA,NA,NA,"J. L. Hage","1555.0",NA,1981,"12","08",NA,NA,"South America","Brasil","Bahia","IlhÃ©us","Area do CEPEC (CEntro de Pesquisas do Cacau), km 22 da Rodovia IlhÃ©us/Itabuna (BR 415). Quadra D",-39.22095,-14.7739696,NA,NA,50,50,NA,NA,NA,"sheet",NA,NA,NA,NA,"<a href=\"http://sweetgum.nybg.org/science/vh/specimen_details.php?irn=479690\" target=\"other\" class=\"eLink\"> <mi>dwc_moreinfo</mi></a>","NY00594872",NA
159,2018-08-24 20:02:51,"NYBG","NYBG_BR","594883","S","Plantae","Magnoliophyta",NA,"Myrtales","Myrtaceae","Eugenia","platyphylla",NA,"Eugenia platyphylla","O.Berg","J. E. Q. de Faria",NA,NA,NA,NA,"W. W. Thomas","9801.0",NA,1993,"05","05",NA,NA,"South America","Brasil","Bahia","UruÃ§uca","7.3 km north of Serra Grande on road to ItacarÃ©. Fazenda Lagoa do Conjunto Fazenda Santa Cruz. Transect study site",-39.0617,-14.4231,NA,NA,NA,NA,NA,NA,NA,"sheet",NA,NA,NA,NA,"<a href=\"http://sweetgum.nybg.org/science/vh/specimen_details.php?irn=479202\" target=\"other\" class=\"eLink\"> <mi>dwc_moreinfo</mi></a>","NY00594883",NA
160,2018-08-24 20:02:51,"NYBG","NYBG_BR","1195823","S","Plantae","Magnoliophyta",NA,"Myrtales","Myrtaceae","Eugenia","platyphylla",NA,"Eugenia platyphylla","O.Berg","A. M. Amorim",NA,NA,NA,NA,"J. G. Jardim","3755.0",NA,2001,"09","12",NA,NA,"South America","Brasil","Bahia","Jussari","Entrada 7.5 km da Rod. JussarÃ­/Palmira. Faz. Teimoso 1.7 km da entrada, Reserva Particular do PatrimÃ#?#nio Natural (RPPN) Serra do Teimoso.",-39.5311,-15.1544,NA,NA,NA,NA,NA,NA,NA,"sheet",NA,NA,NA,NA,"<a href=\"http://sweetgum.nybg.org/science/vh/specimen_details.php?irn=1403970\" target=\"other\" class=\"eLink\"> <mi>dwc_moreinfo</mi></a>","NY01195823",NA
161,2018-08-24 20:02:51,"NYBG","NYBG_BR","1195929","S","Plantae","Magnoliophyta",NA,"Myrtales","Myrtaceae","Eugenia","platyphylla",NA,"Eugenia platyphylla","O.Berg","M. Sobral",NA,NA,NA,NA,"J. G. Jardim","1564.0",NA,1998,"02","18",NA,NA,"South America","Brasil","Bahia","Jussari","Rod. Jussari/Palmira. Entrada ca. 7.5 km percorrendo mais 1.7 km atÃ© a sede da Faz. Teimoso. Serra do Teimoso. RPPN Serra do Teimoso.",-39.58,-15.17,NA,NA,300,300,NA,NA,NA,"sheet",NA,NA,NA,NA,"<a href=\"http://sweetgum.nybg.org/science/vh/specimen_details.php?irn=1404924\" target=\"other\" class=\"eLink\"> <mi>dwc_moreinfo</mi></a>","NY01195929",NA
162,2018-08-24 20:02:51,"NYBG","NYBG_BR","565302","S","Plantae","Magnoliophyta",NA,"Myrtales","Myrtaceae","Eugenia","platyphylla",NA,"Eugenia platyphylla","O.Berg","M. Sobral",NA,NA,NA,NA,"A. M. Amorim","2590.0",NA,NA,NA,NA,NA,NA,"South America","Brasil","Bahia","Jussari","Rod. Jussari-Palmira. Entrada ca. 7.5 km de Jussari. Faz. Teimoso, RPPN Serra do Teimoso",-39.5286,-15.1608,NA,NA,NA,NA,NA,NA,NA,"sheet",NA,NA,NA,NA,"<a href=\"http://sweetgum.nybg.org/science/vh/specimen_details.php?irn=479688\" target=\"other\" class=\"eLink\"> <mi>dwc_moreinfo</mi></a>","NY00565302",NA
163,2018-08-24 20:02:51,"NYBG","NYBG_BR","1095508","S","Plantae","Magnoliophyta",NA,"Myrtales","Myrtaceae","Eugenia","platyphylla",NA,"Eugenia platyphylla","O.Berg",NA,NA,NA,NA,NA,"A. M. Amorim","4470.0",NA,2004,"12","10",NA,NA,"South America","Brasil","Bahia","Jussari","RPPN Serra Teimoso, entrada 7,5 km da Rod. Jussari/Palmira, Faz. Teimoso, 1,7 km da entrada",-39.5311,-15.1544,NA,NA,NA,NA,NA,NA,NA,"sheet",NA,NA,NA,NA,"<a href=\"http://sweetgum.nybg.org/science/vh/specimen_details.php?irn=1391506\" target=\"other\" class=\"eLink\"> <mi>dwc_moreinfo</mi></a>","NY01095508",NA
164,2018-08-24 20:02:51,"NYBG","NYBG_BR","2636668","S","Plantae","Magnoliophyta",NA,"Myrtales","Myrtaceae","Eugenia","platyphylla",NA,"Eugenia platyphylla","O.Berg","A. Giaretta",NA,NA,NA,NA,"P. Fiaschi","1975.0",NA,2004,"02","14",NA,NA,"South America","Brasil","Bahia","Jussari","Estrada JussarÃ­/Palmira, entrada a esq. Ca. 7,5Km apÃ³s JussarÃ­. Fazenda Teimoso. RPPN Serra do Teimoso.",-39.5361,-15.1603,NA,NA,NA,NA,NA,NA,NA,"sheet",NA,NA,NA,NA,"<a href=\"http://sweetgum.nybg.org/science/vh/specimen_details.php?irn=2475264\" target=\"other\" class=\"eLink\"> <mi>dwc_moreinfo</mi></a>","NY02636668",NA
165,2018-08-24 20:02:51,"NYBG","NYBG_BR","2715709","S","Plantae","Magnoliophyta",NA,"Myrtales","Myrtaceae","Eugenia","platyphylla",NA,"Eugenia platyphylla","O.Berg","M. Sobral",NA,NA,NA,NA,"A. M. Amorim","2689.0",NA,1998,"11","21",NA,NA,"South America","Brasil","Bahia","Jussari","Rod. Jussari-Palmira, entrada ca. 7.5 km de Jussari, Fazenda Teimoso, RPPN Serra do Teimoso",-39.5286,-15.1581,NA,NA,NA,NA,NA,NA,NA,"sheet",NA,NA,NA,NA,"<a href=\"http://sweetgum.nybg.org/science/vh/specimen_details.php?irn=623164\" target=\"other\" class=\"eLink\"> <mi>dwc_moreinfo</mi></a>","NY02715709",NA
166,2018-08-24 20:02:51,"NYBG","NYBG_BR","2714769","S","Plantae","Magnoliophyta",NA,"Myrtales","Myrtaceae","Eugenia","platyphylla",NA,"Eugenia platyphylla","O.Berg","M. Sobral",NA,NA,NA,NA,"J. G. Jardim","1862.0",NA,1999,"01","01",NA,NA,"South America","Brasil","Bahia","Jussari","Rod. Jussari/Palmira, entrada ca 7,5 km, Fazenda Teimoso, 1.5 km E da entrada, Reserva do PatrimÃ#?#nio Natural (RPPN), Serra do Teimoso.",-39.58,-15.17,NA,NA,400,400,NA,NA,NA,"sheet",NA,NA,NA,NA,"<a href=\"http://sweetgum.nybg.org/science/vh/specimen_details.php?irn=623175\" target=\"other\" class=\"eLink\"> <mi>dwc_moreinfo</mi></a>","NY02714769",NA
167,2018-08-24 20:02:51,"NYBG","NYBG_BR","2729060","S","Plantae","Magnoliophyta",NA,"Myrtales","Myrtaceae","Eugenia","platyphylla",NA,"Eugenia platyphylla","O.Berg",NA,NA,NA,NA,NA,"A. M. V. de Carvalho","6686.0",NA,1998,"12","20",NA,NA,"South America","Brasil","Bahia","Jussari","Rod. Jussari-Palmira, entrada ca. 7.5 km percorrendo mais 1.7 km atÃ© a sede da Faz. Teimoso. Serra do Teimoso. RPPN do Teimoso",-39.58,-15.17,NA,NA,300,300,NA,NA,NA,"sheet",NA,NA,NA,NA,"<a href=\"http://sweetgum.nybg.org/science/vh/specimen_details.php?irn=3027213\" target=\"other\" class=\"eLink\"> <mi>dwc_moreinfo</mi></a>","NY02729060",NA
168,2018-08-24 20:02:51,"NYBG","NYBG_BR","906305","S","Plantae","Magnoliophyta",NA,"Myrtales","Myrtaceae","Eugenia","platyphylla",NA,"Eugenia platyphylla","O.Berg","J. E. Q. de Faria",NA,NA,NA,NA,"M. M. M. Lopes","715.0",NA,2006,"05","23",NA,NA,"South America","Brasil","Bahia","Almadina","Serra do Corcovado. 9.8 km ao SW de CoaracÃ­ na estrada para Almadina, daÃ­ N atÃ© a Fazenda SÃ£o JosÃ©. ProprietÃ¡rio Senhor Francisco.",-39.6033,-14.7058,NA,NA,650,650,NA,NA,NA,"sheet",NA,NA,NA,NA,"<a href=\"http://sweetgum.nybg.org/science/vh/specimen_details.php?irn=980718\" target=\"other\" class=\"eLink\"> <mi>dwc_moreinfo</mi></a>","NY00906305",NA
169,2018-08-24 18:25:22,"NYBG","NYBG_BR","585465","S","Plantae","Magnoliophyta",NA,"Fabales","Fabaceae","Chaetocalyx","acutifolia",NA,"Chaetocalyx acutifolia","(Vogel) Benth.","M. Lavin",NA,NA,NA,NA,"Schott",NA,NA,NA,NA,NA,NA,NA,"South America","Brasil",NA,NA,"Circa Rio de Janeiro",-43.448386,-22.913514,NA,NA,NA,NA,NA,NA,NA,"sheet",NA,NA,NA,NA,"<a href=\"http://sweetgum.nybg.org/science/vh/specimen_details.php?irn=713769\" target=\"other\" class=\"eLink\"> <mi>dwc_moreinfo</mi></a>","NY00585465",NA
170,2018-08-24 18:25:22,"NYBG","NYBG_BR","585464","S","Plantae","Magnoliophyta",NA,"Fabales","Fabaceae","Chaetocalyx","acutifolia",NA,"Chaetocalyx acutifolia","(Vogel) Benth.","M. Lavin",NA,NA,NA,NA,"A. P. Duarte","5191.0",NA,1960,"02","19",NA,NA,"South America","Brasil","Rio de Janeiro",NA,"D. F. Gruta de Imprensa",NA,NA,NA,NA,NA,NA,NA,NA,NA,"sheet",NA,NA,NA,NA,"<a href=\"http://sweetgum.nybg.org/science/vh/specimen_details.php?irn=713768\" target=\"other\" class=\"eLink\"> <mi>dwc_moreinfo</mi></a>","NY00585464",NA
